game_id,family_id
174430,0
174430,1
174430,2
174430,3
161936,0
161936,2
161936,4
182028,5
12333,6
12333,7
167791,8
167791,3
167791,5
187645,9
187645,10
187645,11
120677,12
169786,13
169786,1
169786,14
169786,3
169786,5
173346,15
173346,16
173346,5
193738,17
84876,18
84876,19
115746,20
115746,21
115746,22
102794,23
102794,24
102794,25
102794,3
3076,18
3076,26
3076,27
3076,28
3076,5
31260,29
31260,30
31260,31
31260,32
31260,23
31260,24
31260,3
31260,5
96848,33
96848,9
96848,34
96848,3
170216,9
170216,1
170216,35
205637,36
205637,0
205637,37
205637,38
205637,3
205059,36
205059,37
25613,5
209010,0
209010,9
183394,3
183394,39
183394,40
164153,0
164153,10
164153,11
164153,41
124361,42
124361,43
164928,44
164928,19
164928,45
2651,46
2651,7
2651,47
72125,48
72125,49
175914,50
177736,51
177736,52
177736,3
177736,35
121921,53
121921,3
28720,54
28720,55
126163,56
126163,57
126163,58
35677,19
35677,24
35677,59
35677,3
124742,60
124742,61
124742,62
124742,63
124742,64
124742,38
55690,0
55690,1
55690,65
55690,3
171623,66
171623,67
171623,68
171623,69
180263,70
180263,1
180263,3
178900,71
122515,26
122515,1
122515,72
122515,73
122515,74
68448,15
68448,5
146508,75
146508,76
18602,77
18602,19
18602,78
146021,36
146021,37
146021,79
146021,3
12493,48
12493,9
12493,10
12493,80
28143,81
28143,5
110327,82
110327,83
62219,48
62219,84
157354,66
157354,85
93,86
93,87
163412,88
163412,89
163412,52
132531,90
132531,81
132531,5
159675,51
159675,46
159675,90
159675,24
159675,3
40834,90
40834,91
201808,92
150376,93
103885,94
103885,11
103885,95
37111,96
221107,0
221107,2
221107,4
2511,97
2511,98
2511,55
2511,99
2511,3
172386,51
172386,26
172386,100
144733,51
144733,6
102680,42
102680,74
73439,101
73439,19
36218,90
36218,91
36218,102
42,103
42,104
42,105
42,106
42,107
42,108
30549,4
220308,3
220308,12
194655,109
194655,110
194655,111
194655,1
194655,112
194655,113
125153,114
125153,1
125153,115
125153,3
125153,116
521,51
521,117
521,118
104162,0
104162,9
104162,119
104162,20
104162,120
127023,121
127023,103
127023,20
155426,46
155426,90
155426,102
9609,21
9609,22
34635,122
161970,123
216132,124
216132,1
128882,1
128882,125
128882,126
128882,127
103343,128
103343,129
175155,9
175155,10
175155,130
175155,131
155068,132
155068,133
155068,0
155068,1
146652,134
146652,135
146652,3
147020,1
147020,136
70149,137
70149,19
70149,138
70149,24
70149,3
70149,5
70149,40
123260,102
123260,3
123260,139
126042,140
126042,3
126042,5
14996,141
43111,142
14105,42
14105,143
14105,144
14105,111
148949,145
148949,146
17133,147
17133,7
17133,148
91,123
185343,1
185343,3
185343,76
171131,123
198928,149
198928,86
198928,4
39463,150
21050,151
9216,26
9216,152
9216,149
77423,62
77423,38
77423,153
77423,3
77423,21
54043,66
54043,154
54043,152
146886,51
146886,86
146886,155
146886,3
146886,5
43015,46
27833,147
27833,156
176189,1
176189,157
4098,147
230802,123
104006,158
148228,159
555,18
555,160
555,161
555,52
31627,162
31627,163
31627,164
31627,165
31627,141
128621,1
128621,39
128621,40
215,154
215,166
215,167
215,168
215,169
215,170
188,171
188,88
188,172
196340,173
196340,1
10630,174
182874,175
129437,176
129437,135
129437,3
129437,177
233078,123
9209,7
9209,141
172287,35
154203,42
154203,121
154203,173
154203,3
154203,5
20551,154
20551,173
20551,178
31481,123
146439,179
146439,180
146439,143
146439,20
146439,120
101721,181
234,42
234,100
234,182
155821,138
54998,111
54998,183
54998,184
7854,88
7854,185
7854,102
140620,3
140620,5
22545,186
22545,26
22545,187
97207,188
97207,20
12,18
12,121
12,189
93260,190
24181,191
59294,48
59294,10
59294,120
822,192
822,19
38453,193
38453,3
193037,93
25021,154
25021,194
25021,173
181304,195
181304,196
19857,42
19857,197
19857,1
19857,5
127060,18
127060,198
127060,199
127060,58
118048,100
118048,103
118048,200
172818,201
172818,1
192291,123
48726,134
48726,1
48726,202
176494,124
27708,7
27708,203
108745,204
155873,205
155873,206
155873,163
155873,46
155873,111
155873,138
155873,161
155873,57
155873,164
155873,207
155873,149
155873,208
155873,6
155873,86
155873,165
155873,209
155873,210
155873,211
155873,7
155873,47
463,62
463,102
82222,1
82222,212
181279,213
92828,214
66589,26
66589,149
66589,191
17392,215
17392,55
17392,19
17392,216
17392,161
17392,86
17392,209
421,217
421,7
54138,191
41114,218
41114,126
41114,127
77130,48
77130,219
3,154
3,173
3,104
3,178
119890,29
119890,30
119890,31
119890,32
119890,23
119890,89
760,220
156129,1
163745,9
163745,11
163745,221
45315,188
1,46
1,222
40692,223
59959,224
59959,98
59959,211
195421,225
195421,201
195421,1
163068,1
163068,115
36932,123
176920,8
176920,226
224037,71
182631,136
15985,227
15985,0
15985,228
15985,229
15985,142
39856,214
160477,110
160477,88
160477,230
198773,71
37046,154
37046,231
37046,195
37046,3
123123,232
123123,1
123123,233
243,234
161533,225
161533,149
161533,114
161533,1
161533,115
136888,235
136888,236
136888,5
162886,225
162886,1
162886,3
25292,26
25292,237
25292,58
19777,154
19777,238
124708,239
124708,0
124708,240
124708,3
33160,26
204583,51
144344,123
40765,48
40765,9
200680,29
200680,24
200680,5
63628,1
63628,241
63628,5
70919,242
70919,154
70919,173
2655,243
2655,244
2655,245
2655,246
2655,88
2655,247
2655,102
129622,248
129622,249
129622,250
129622,251
129622,252
129622,253
129622,254
129622,255
5,171
143693,46
143693,24
143693,3
143693,5
121,103
121,256
21241,83
21241,257
170042,1
170042,90
170042,258
170042,35
197376,0
197376,2
188834,1
188834,127
25554,18
25554,259
25554,260
25554,19
172081,1
172081,115
203993,160
31594,18
31594,154
31594,167
176734,1
176734,241
176734,3
198994,1
54,261
54,56
54,262
54,263
54,58
54625,51
54625,0
54625,264
54625,130
54625,131
109276,265
109276,114
71,219
70323,154
70323,266
70323,173
70323,267
70323,268
70323,20
139976,1
139976,37
139976,269
46213,123
105134,0
105134,9
105134,2
105134,270
8217,271
8217,26
8217,27
8217,28
8217,5
9217,272
9217,6
9217,273
9217,5
118,116
2653,274
2653,275
2653,276
2653,277
191189,1
191189,3
21348,278
21348,46
21348,141
24480,55
24480,279
24480,280
24480,281
175640,114
175640,1
175640,115
175640,40
199561,1
199561,112
15987,36
15987,37
15987,3
13122,52
157969,282
157969,230
163967,48
163967,1
163967,283
79828,284
79828,285
79828,286
79828,285
79828,206
79828,287
39683,154
39683,167
39683,90
39683,24
39683,3
90137,227
90137,228
90137,288
209685,225
55670,18
55670,154
55670,26
55670,289
55670,149
176396,123
128996,290
128996,206
128996,7
128996,1
128996,291
712,227
712,228
712,229
712,142
96913,55
96913,292
66188,292
66188,116
40354,293
25417,179
25417,143
154809,173
183562,11
183562,95
144592,294
144592,236
83330,36
83330,37
18833,21
147949,1
147949,295
147949,127
100901,1
100901,296
100901,297
100901,3
66362,298
66362,124
66362,5
150658,4
203420,299
203420,300
182134,1
182134,84
5404,121
5404,301
65781,98
65781,55
65781,5
65781,302
73171,123
136063,103
136063,303
136063,102
102652,1
102652,304
102652,3
102652,177
172,305
192458,257
192458,5
875,3
17226,119
17226,10
17226,120
27162,123
11170,109
11170,306
137408,26
137408,1
146791,51
146791,0
146791,1
146791,307
98778,173
98778,308
58421,121
97786,223
13,309
13,263
133038,0
133038,83
133038,310
133038,3
105551,26
105551,58
128671,42
128671,311
138161,312
138161,3
138161,313
63888,314
63888,5
36553,315
151347,1
205359,62
205359,316
205359,11
205359,317
206718,123
171668,123
166669,298
166669,26
166669,27
166669,28
166669,5
34219,123
62227,105
62227,3
62227,318
42052,149
42052,40
127398,0
127398,319
189932,82
62222,143
62222,320
90419,123
3685,194
3685,124
161614,1
125618,123
158899,109
169255,62
169255,321
169255,38
169255,129
50,261
50,251
50,200
50,322
116998,3
116998,323
116998,324
162082,5
141572,1
475,18
475,154
475,152
43570,325
43570,3
188920,225
188920,1
188920,3
95527,149
119506,7
119506,1
119506,3
27173,35
6472,128
6472,129
133848,1
133848,218
133848,326
133848,102
34119,327
34119,114
34119,3
163968,111
163968,5
192153,37
192153,4
128271,3
113924,1
113924,3
113924,157
478,328
478,5
39351,265
39351,302
15062,125
15062,329
150,118
150,330
150,263
150,331
9625,51
9625,26
97842,55
97842,5
155987,123
39938,332
39938,285
39938,7
39938,74
155703,1
155703,84
9674,333
9674,102
9674,3
3307,46
140603,1
15363,9
199042,0
199042,334
18,335
192836,3
1513,42
1513,197
1513,3
1513,222
1513,182
133473,173
133473,336
133473,50
22827,9
22827,10
42776,3
31999,88
31999,185
192457,123
2346,88
2346,185
2346,102
159508,1
192135,1
21790,46
21790,337
134726,338
134726,226
160010,0
160010,1
119432,339
119432,1
119432,340
119432,3
181521,0
181521,3
181521,288
20437,341
20437,285
191862,109
191862,121
27746,42
177639,342
177639,343
121288,214
50750,112
50750,344
140934,170
65532,92
65532,345
65532,3
206941,123
31730,346
31730,285
31730,347
31730,285
31730,348
31730,285
31730,349
31730,285
31730,350
31730,285
31730,351
31730,285
31730,286
31730,285
31730,352
31730,285
31730,353
31730,285
31730,354
31730,285
31730,355
31730,7
31730,356
31730,357
31730,358
209778,123
158600,154
158600,173
58281,190
586,1
586,359
111341,100
111341,360
121408,249
121408,361
47,18
47,154
47,286
47,285
47,362
18098,194
131357,1
131357,218
131357,126
167400,123
143519,123
166384,123
11,363
11,364
163166,1
163166,295
163166,127
135219,21
135219,22
24800,365
24800,6
24800,3
24800,318
128780,57
128780,366
128780,5
30869,261
30869,121
1353,367
151022,368
372,124
372,369
372,220
36235,1
36235,370
36235,102
26997,371
26997,46
26997,372
26997,207
26997,208
26997,373
155624,123
79127,33
79127,374
153938,109
153938,66
153938,121
183251,51
183251,261
183251,58
150997,0
150997,1
150997,307
9823,234
9823,375
199478,376
113997,51
113997,196
4390,192
42215,261
42215,377
42215,58
20963,213
70512,3
194594,225
144189,378
144189,379
144189,3
144189,318
160495,154
160495,167
6249,380
6249,381
6249,86
126792,243
126792,3
126792,78
12942,123
137988,1
137988,3
137988,157
88,109
88,262
160499,286
160499,285
160499,7
160499,267
160499,268
160499,20
28023,26
28023,382
28023,58
15364,341
15364,285
3201,200
3201,21
91312,383
91312,280
148575,316
148575,176
148575,384
148575,385
148575,177
169426,1
30380,386
30380,387
21763,224
21763,97
21763,98
21763,55
21763,388
113294,261
113294,193
113294,1
113294,389
113294,292
113294,3
172308,18
172308,390
194607,123
24508,109
24508,199
24508,58
10547,123
28181,151
174785,9
174785,114
174785,1
162007,1
162007,90
162007,112
162007,226
171,171
171,391
171,392
171,393
171,88
171,394
171,395
171,334
171,396
171,397
171,263
171,11
171,398
171,399
171,400
171,401
171,402
2163,264
2163,130
2163,131
38996,7
38996,291
110277,403
110277,336
110277,1
110277,5
68425,1
68425,404
68425,366
68425,5
68425,344
156009,405
156009,5
180974,406
31563,21
130960,194
82421,407
82421,408
82421,190
233371,123
55600,123
37904,409
37904,410
37904,331
103886,62
103886,38
103886,11
103886,411
168584,248
168584,249
168584,412
168584,253
82420,413
82420,190
41002,26
41002,149
180511,414
180511,78
181530,120
181530,415
22345,66
22345,105
22345,74
22345,78
156689,51
156689,176
156689,135
156689,3
156689,177
123540,154
123540,173
123540,50
123540,416
123540,116
65901,417
65901,46
65901,302
204305,224
204305,97
204305,98
204305,55
204305,99
204305,3
47185,62
47185,38
47185,288
47185,418
503,66
503,103
503,328
503,104
117915,154
117915,173
84419,48
84419,3
84419,318
46,160
46,161
46,419
158889,190
43528,55
43528,279
43528,280
41066,55
41066,19
41066,216
41066,86
41066,420
41066,209
219513,52
13004,42
13004,421
35570,55
35570,25
35570,302
218603,123
107529,422
107529,292
156336,423
156336,3
73761,424
73761,425
73761,3
73761,426
132028,365
146278,123
139898,137
139898,1
91872,92
91872,82
91872,427
91872,83
91872,3
12891,293
144797,1
144797,233
151004,338
158275,176
158275,384
158275,385
158275,177
143741,428
30957,42
94,7
131287,429
131287,430
1035,431
100423,36
100423,37
100423,432
100423,328
100423,3
92415,123
29603,19
29603,433
29603,3
29603,318
156943,6
156943,115
528,88
528,185
528,406
528,102
163602,123
27976,306
137269,55
137269,226
137269,78
143515,51
143515,46
143515,25
12962,434
173442,48
173442,237
173442,1
173442,435
26566,74
26566,5
26566,344
5782,436
5782,437
111799,386
111799,379
111799,3
111799,318
168435,1
2181,438
2181,439
2181,263
2181,169
12002,100
12002,440
12002,441
12002,442
12002,200
195539,123
155362,443
148319,132
148319,76
1345,18
1345,362
117959,298
117959,341
117959,285
21882,92
21882,444
7717,192
9440,154
9440,152
69779,445
69779,446
69779,111
69779,447
69789,448
69789,3
12902,192
491,449
483,450
156546,1
98351,123
162286,112
162286,8
162286,25
20100,102
20100,451
1041,69
1041,161
132018,55
132018,452
132018,211
132018,7
170416,1
171499,57
108784,448
108784,3
52461,260
52461,19
8125,453
119788,9
169124,118
169124,454
2955,57
2955,262
156566,51
156566,204
13642,298
106217,455
106217,58
2453,456
2453,88
2453,102
2453,52
2453,3
193558,123
85897,3
85897,323
66356,92
66356,82
66356,427
66356,83
66356,3
145659,1
145659,344
53953,3
53953,323
71721,328
71721,3
71721,264
71721,130
71721,457
29368,458
108906,1
108906,331
72225,459
72225,3
129948,51
129948,161
40628,460
40628,86
40628,155
179803,132
179803,133
179803,1
240,42
240,461
240,55
240,124
240,211
240,339
240,125
161417,123
939,109
939,11
165722,123
165401,46
45986,462
95064,448
95064,3
202408,51
200147,173
200147,116
177590,1
89409,232
89409,1
89409,233
171273,123
193042,123
554,161
169654,173
174570,134
174570,135
174570,3
201921,1
201921,283
191977,463
72321,1
19600,42
19600,464
19600,111
19600,191
168917,338
212445,227
212445,228
212445,229
212445,142
699,0
699,465
699,142
147151,123
217372,123
8051,445
8051,446
8051,111
171669,123
2398,466
2398,439
2398,467
2398,263
2398,169
45,468
45,469
45,470
45,471
1301,62
1301,63
1301,64
1301,472
1822,293
1822,26
1822,206
1822,287
67492,473
67492,143
67492,129
30645,286
30645,285
30645,1
30645,203
160018,338
131646,3
22825,51
22825,10
22825,474
37380,305
37380,475
37380,3
904,362
172047,9
172047,1
8045,476
8045,477
8045,160
8045,478
8045,479
8045,480
8045,481
8045,482
8045,197
8045,483
8045,69
8045,161
8045,114
8045,1
51,335
51,3
122298,50
122298,484
160851,154
160851,167
160851,1
160851,112
160851,102
153016,123
173,410
173,331
432,485
432,30
432,102
38823,365
38823,6
38823,3
38823,318
26990,486
98229,123
104710,123
175117,109
141517,97
141517,1
141517,37
194879,123
65244,303
65244,102
16747,118
16747,3
60,123
224,123
66505,487
66505,46
156776,62
156776,38
156776,130
156776,457
156776,130
156776,488
179275,3
55427,224
55427,286
55427,285
55427,7
55427,388
154458,111
154458,112
38054,51
38054,489
38054,490
38054,491
104363,80
161866,1
161866,3
161866,157
91514,492
91514,493
72287,224
72287,97
72287,98
72287,55
72287,388
27588,494
27588,66
27588,495
27588,496
27588,242
27588,497
27588,437
213893,154
135382,0
135382,63
135382,83
135382,498
170561,1
170561,5
59946,82
59946,427
59946,83
59946,3
59946,213
551,143
15817,51
15817,154
15817,499
15817,26
15817,500
15817,58
137649,0
137649,501
15512,261
50768,154
50768,173
50768,502
203427,123
122522,338
2093,154
2093,251
2093,503
2093,504
2093,263
2093,505
165838,264
165838,130
165838,131
94246,290
94246,206
17405,217
17405,51
17405,7
180680,361
180680,331
97903,118
97903,267
97903,20
150999,250
150999,121
41,123
18100,154
18100,167
18100,449
154825,123
177678,161
171233,123
170771,0
170771,9
170771,1
170771,20
170771,3
203416,299
203416,300
25568,78
104020,506
104020,336
104020,199
104020,58
157403,123
151007,0
151007,310
151007,3
17396,123
173064,3
66056,309
66056,507
66056,200
196326,253
5737,123
136991,123
204027,508
204027,52
204027,3
204027,17
158435,1
158435,226
203417,299
203417,300
35497,123
68264,509
68264,3
68264,318
23094,8
23094,226
1634,3
1634,142
142326,1
142326,510
71671,51
71671,3
71671,35
183840,51
152162,511
25669,102
25669,512
164265,78
207691,123
185589,201
185589,1
42910,51
42910,111
42910,3
38159,127
27364,77
27364,78
57390,513
57390,1
57390,118
178336,348
178336,285
178336,1
178336,102
4099,72
200077,1
34084,298
34084,390
124,51
124,84
327,514
327,468
327,515
197070,51
197070,1
197070,20
130176,516
121410,109
121410,226
127518,517
127518,379
127518,3
127518,318
1608,518
1608,3
1608,318
8203,434
8203,519
8203,520
8203,521
220877,123
91536,385
187617,522
187617,318
179172,1
179172,5
30381,487
30381,46
30381,191
37628,166
37628,124
37628,112
37628,126
37628,168
37628,169
44163,47
30618,123
230,3
221194,342
159473,523
2507,19
2507,222
1382,271
1382,524
181687,123
121297,525
121297,434
121297,490
121297,206
121297,1
121297,526
121297,521
21523,120
21523,415
21523,3
132372,527
157526,528
157526,114
157526,1
157526,90
39953,62
39953,321
39953,38
39953,129
221,154
221,173
221,529
221,178
1465,530
183880,270
183880,11
56692,531
56692,532
56692,170
131260,102
19100,533
19100,534
157001,249
157001,361
157001,173
91873,51
91873,19
154086,1
153065,123
823,328
823,535
833,123
191231,123
8989,51
8989,536
8989,162
8989,216
8989,164
8989,165
8989,537
123955,538
123955,3
123955,318
60435,454
60435,3
60435,331
37836,42
37836,539
855,109
855,154
855,238
855,262
855,58
53093,1
53093,540
180593,19
180593,5
527,88
527,185
6830,154
6830,541
6830,102
186751,225
186751,9
186751,111
186751,1
198953,69
198953,5
15126,234
15126,375
154246,298
25643,52
125678,542
125678,412
125678,177
95103,543
95103,3
193949,374
193949,48
24068,132
24068,127
17329,544
1261,545
1261,103
1261,105
205398,123
143884,154
143884,173
143884,546
18258,8
18258,226
40793,123
35815,547
164338,74
156091,123
140933,454
140933,112
174660,286
174660,285
174660,7
174660,102
174660,52
25821,127
91080,548
91080,379
91080,3
91080,318
75449,160
11825,154
11825,549
220520,89
191051,225
191051,1
278,309
278,550
278,200
13823,92
13823,132
13823,170
111124,123
134352,1
134352,127
147303,192
147303,551
147303,58
195137,513
195137,1
195137,118
96007,257
96007,5
105,328
105,552
105,20
43022,1
43022,553
12495,162
12495,164
12495,165
12495,35
145639,494
145639,1
119591,69
119591,161
157809,140
157809,3
176544,265
176544,1
1159,342
1159,84
105037,236
105037,5
37919,48
37919,51
37919,118
104347,554
104347,555
104347,386
104347,387
232043,123
120523,1
175199,5
22141,109
22141,121
22141,52
35052,556
12995,557
144041,5
207336,154
207336,173
152470,114
152470,1
152470,115
154386,123
42452,259
42452,558
137297,42
177802,338
47055,123
16395,456
16395,559
16395,52
102548,3
75165,560
75165,476
75165,160
75165,561
75165,479
75165,480
75165,562
75165,197
75165,483
75165,69
75165,161
109125,46
109125,1
20542,234
20542,375
16992,92
16992,154
163154,42
163154,379
163154,3
163154,318
159109,1
159109,3
21441,261
21441,121
21441,78
9203,563
9203,564
106,251
106,224
106,565
106,505
138649,316
138649,412
138649,384
138649,385
143405,566
143405,423
143405,3
197443,225
131014,192
29934,78
66,51
103,222
150312,369
902,51
902,26
171879,265
171879,17
72991,123
10,567
10,407
10,408
10640,0
10640,568
15,51
15,150
33604,569
112,51
112,161
112,328
134253,1
134253,3
354,123
123499,51
123499,201
123499,1
123499,226
2338,309
2338,200
156714,51
156714,570
129051,59
129051,89
177524,519
177524,118
117985,309
117985,374
200954,1
39684,487
39684,3
160610,571
160610,1
160610,572
207830,225
207830,1
176165,1
43443,573
43443,20
43443,3
43443,462
878,271
878,251
878,305
878,565
878,505
160902,92
160902,316
160902,384
160902,82
160902,385
58936,55
58936,574
152,123
163413,69
163413,161
1231,109
122294,448
122294,3
13780,216
492,92
492,575
215311,576
204836,299
3072,63
3072,229
3072,130
3072,577
19999,121
19999,578
187377,1
187377,35
7480,42
7480,161
16986,579
16986,52
16986,580
182340,3
182340,374
176229,123
125548,581
125548,582
125548,233
194880,123
13884,51
13884,583
181796,55
681,88
681,584
681,585
681,102
681,263
22038,48
184424,219
1897,51
1897,309
138431,134
138431,0
138431,1
138431,3
196,6
196,452
196,1
61692,556
61692,9
127024,123
184151,586
184151,38
22484,333
22484,200
1540,587
16496,42
16496,197
16496,578
826,588
101785,19
101785,1
101785,112
101785,589
101785,3
101785,318
101785,182
34194,437
123607,51
123607,553
9220,25
9220,590
142992,102
63268,591
63268,592
63268,368
63268,593
63268,594
63268,595
165986,230
30658,123
179572,123
94362,120
24417,123
423,217
423,206
41916,123
55697,123
85256,596
6205,194
220,305
165872,379
167270,85
167270,103
106662,47
38862,597
38862,58
92319,276
92319,111
92319,78
9446,444
9446,200
26,561
26,480
26,69
1115,394
1115,598
1115,263
1115,169
166226,216
195162,1
6411,109
6411,456
6411,102
40270,599
40270,62
40270,37
40270,38
19237,443
134453,600
139030,123
218417,1
143986,123
182694,97
83195,601
83195,195
481,123
131111,1
131111,553
3284,9
3284,11
21550,456
21550,3
135779,286
135779,285
135779,173
135779,7
191876,602
3800,51
3800,154
3800,603
141423,1
26457,111
38343,123
139771,94
139771,374
139771,604
2081,123
12761,78
148943,56
148943,1
148943,218
197405,110
197405,88
197405,605
197405,1
2842,7
2842,606
2842,102
2842,607
146221,1
146221,3
88827,143
5716,608
5716,200
67254,609
113873,0
113873,3
113873,318
113873,610
73369,83
73369,257
73369,5
112138,132
112138,1
112138,611
22,3
181810,612
181810,1
181810,613
142079,614
103185,3
103185,5
57925,386
57925,387
173090,3
1499,615
115,51
115,616
41933,617
41933,490
147253,618
147253,1
730,619
1403,123
142961,323
142961,324
142852,542
142852,412
142852,177
7805,20
1915,62
1915,3
1915,21
394,200
394,58
129459,620
71836,423
71836,3
224597,123
113401,596
175223,250
175223,121
19622,6
19622,621
19622,622
24827,123
184921,225
191300,261
191300,121
191300,505
152765,3
152765,323
152765,324
42487,322
701,123
234669,123
6351,123
172381,51
172381,158
94104,51
94104,111
94104,1
146418,142
149155,1
594,623
594,305
594,624
37387,7
37387,302
202670,141
254,123
2122,62
2122,83
2122,213
24773,98
103092,625
180040,1
180040,5
37907,123
168,7
168,626
21920,160
21920,627
21920,74
242,123
179460,462
90040,261
90040,111
90040,209
169794,628
169794,46
169794,25
169794,74
82168,134
217449,52
157096,114
157096,1
157096,115
131366,1
131366,510
38863,26
5206,1
5206,629
5206,630
5206,631
144529,123
172220,92
172220,82
172220,427
172220,83
172220,3
148951,48
148951,114
148951,1
148951,283
205716,60
131325,596
131325,116
38765,1
38765,366
38765,344
107255,84
216459,123
70,51
70,52
87890,123
181524,133
181524,1
158900,154
158900,173
158900,178
168998,316
168998,176
168998,384
168998,385
138233,448
138233,3
122842,48
122842,51
29937,51
29937,154
29937,632
111417,1
31497,51
31497,7
145371,154
145371,167
145371,633
180899,563
35435,51
35435,121
35435,634
34887,123
104955,42
104955,464
104955,111
104955,191
195544,37
201,200
201,574
37358,7
37358,291
143185,37
143185,338
168609,261
168609,1
55829,154
55829,556
55829,9
624,635
624,636
624,88
624,585
624,102
3565,229
3565,637
172385,51
172385,42
172385,638
172385,46
172385,17
167513,123
113636,173
113636,1
113636,292
199,109
199,286
199,285
39339,60
39339,63
14254,118
14254,330
14254,331
1662,194
1662,1
125752,1
125752,331
116,19
2393,393
2393,88
2393,167
91984,206
91984,639
204,55
159503,1
192860,123
3228,109
18745,154
18745,167
18745,343
36522,640
36522,86
36522,641
1887,154
1887,62
1887,586
178054,97
178054,37
136280,109
136280,642
136280,533
2987,123
620,7
620,291
620,643
71906,86
71906,3
42124,557
42124,3
84,194
84,103
73,292
3955,428
1829,270
21954,445
21954,446
21954,111
33451,644
56931,42
56931,578
8129,645
8129,530
38992,51
23679,44
23679,55
23679,19
23679,621
38386,123
195571,51
195571,135
195571,3
195571,313
116954,123
92190,646
37141,315
40209,55
40209,3
40209,318
150145,123
122240,458
10093,556
2808,6
2808,318
157,626
986,200
119,328
237,293
75476,123
8098,647
171726,1
171726,3
155255,517
155255,5
195314,1
36811,648
221965,123
54361,92
54361,82
54361,306
111105,1
111105,3
99975,596
149951,1
149951,3
149951,318
3931,123
1544,649
1544,650
1544,651
9910,564
216092,299
216092,652
166857,464
166857,191
2961,123
438,653
438,98
438,55
63543,10
63543,130
63543,131
63543,130
63543,577
4396,654
4396,1
4396,200
194626,123
205597,81
28089,239
28089,50
165950,51
1568,130
1568,131
361,655
361,656
361,657
361,263
494,42
195560,123
71074,490
71074,206
71074,454
71074,112
175307,248
175307,249
175307,250
175307,253
175307,658
86246,659
86246,1
38545,88
128442,660
128442,130
128442,131
21133,123
915,51
102435,3
102435,318
13308,109
13308,102
24703,176
24703,306
24703,177
180852,1
180852,598
180852,283
43868,661
43868,261
43868,57
43868,58
232,662
232,561
232,663
232,480
232,69
15818,514
15818,664
15818,665
24742,51
24742,452
24742,7
24742,328
15511,164
15511,35
168788,1
168788,666
65564,0
65564,538
65564,3
65564,318
619,123
236191,123
63759,420
41749,51
41749,356
41749,74
32125,667
32125,239
201825,123
2065,393
2065,88
2065,173
2065,668
157026,448
157026,3
171011,102
2397,171
2397,669
2397,670
2397,395
2397,671
2397,672
2397,673
2397,674
157413,675
157413,1
157413,676
32666,123
31105,261
31105,121
31105,505
442,51
442,376
15953,3
15953,564
25224,123
35503,51
35503,121
35503,189
85005,7
141736,249
141736,250
141736,152
141736,149
141736,369
12477,123
169611,248
169611,249
169611,253
169611,21
81640,160
81640,161
81640,1
196202,1
196202,666
31552,564
234487,123
165948,123
91620,616
91620,102
118174,677
118174,1
145189,596
232832,123
89910,1
89910,3
28259,678
46396,109
46396,52
46396,580
2251,3
2251,368
171662,123
17710,51
17710,42
17710,679
179303,37
925,1
925,127
168681,97
168681,98
124172,1
19526,51
19526,309
2570,123
67239,51
67239,309
67239,680
67239,7
15839,51
15839,194
228341,123
4636,123
85036,459
22348,123
6779,681
6779,192
192074,654
192074,1
123096,614
27627,660
31759,587
169416,0
169416,310
73316,207
73316,25
227789,123
175293,89
175095,1
175095,3
175095,682
134157,98
114031,325
39217,123
153064,1
66588,451
929,166
929,102
929,168
903,683
17223,51
17223,10
17223,684
232918,123
424,217
424,7
31624,123
144239,48
22877,3
22877,318
34707,51
8190,51
8190,102
118536,1
118536,3
166571,685
33154,50
33154,112
144826,51
144826,0
144826,1
144568,3
144568,682
13551,69
13551,161
230080,123
16267,607
12166,47
24310,644
40769,51
40769,686
180592,51
180592,226
180592,76
1442,687
128898,51
128898,286
128898,285
128898,7
128898,1
340,166
340,168
120217,123
75358,260
75358,19
75358,356
75358,358
42673,688
42673,3
42673,318
120,51
120,18
85325,207
128721,689
128721,3
172996,123
25277,194
25277,690
25277,55
25277,574
40760,298
40760,42
5072,691
5072,118
5781,271
46255,51
46255,203
58110,51
58110,524
12589,189
187653,123
8481,194
41010,192
98,556
98,9
98,529
35761,51
35761,42
35761,78
205317,9
205317,568
249,51
1032,0
1032,3
1032,318
118695,109
3353,692
3353,46
148601,3
148601,318
176083,123
68182,58
113289,102
113289,693
16772,123
126100,1
126100,37
126100,3
118063,60
118063,63
62220,123
162388,232
162388,1
162388,233
22143,194
22143,694
22143,6
9027,51
9027,66
9027,154
9027,103
66214,66
66214,154
66214,327
66214,695
66214,103
66214,292
29223,51
29223,696
29223,697
29223,102
29972,51
29972,74
216091,299
216091,652
117,154
117,605
57660,315
38718,123
54137,109
54137,23
9215,86
9215,420
119391,160
119391,161
143401,154
143401,167
143401,698
182189,123
1198,102
1198,699
1198,700
1198,3
1107,51
1107,6
1107,452
1107,701
32412,123
1117,699
191894,123
142121,527
71061,92
71061,702
71061,120
71061,3
133632,123
155969,1
155969,344
71882,134
71882,3
71882,177
195528,123
40393,703
40393,52
40393,3
177478,154
177478,173
177478,1
4741,609
36399,704
123219,123
66510,644
158339,248
158339,249
158339,705
206051,123
193737,573
193737,374
112686,706
3720,118
3720,707
3720,708
127997,154
127997,167
128667,51
128667,154
128667,428
128667,173
128667,178
130,626
11057,111
11057,709
11057,710
11057,318
21551,42
21551,710
219215,127
109291,1
109291,711
49,50
49,712
157917,1
157917,115
157917,90
39927,55
39927,302
9341,51
9341,25
43152,78
31483,51
31483,42
31483,679
31483,145
31483,209
176558,386
176558,127
163370,192
163370,551
40237,524
6901,439
6901,394
6901,169
34297,109
11971,713
11971,714
1234,715
173101,123
143404,423
143404,3
198487,338
20134,51
20134,42
137330,118
472,92
472,702
472,3
29839,72
29839,74
61487,123
398,716
398,305
398,717
18748,293
18748,55
18748,718
123609,553
180771,657
180771,0
180771,9
180771,1
180771,502
180771,719
183231,51
156858,1
589,123
124052,161
195043,369
15510,123
164949,225
164949,42
104581,123
183006,51
66171,92
66171,200
65515,123
233247,123
592,439
592,720
592,169
98315,661
98315,261
98315,121
88408,721
77,194
77,722
77,6
174078,97
174078,200
174078,447
174078,99
12750,217
12750,51
12750,723
30367,51
30367,724
30367,280
30367,200
83734,194
83734,207
83734,6
144864,448
144864,3
38531,123
163642,344
136056,100
136056,442
136056,200
12005,725
181345,123
631,51
631,576
631,331
41863,556
206803,726
72,123
76417,217
76417,111
94480,123
195503,201
146816,123
111732,1
111732,366
111732,226
111732,344
27848,9
99,13
99,7
99,529
19764,605
19764,185
15600,111
15600,727
195856,123
166286,1
166286,368
153507,51
154182,51
152242,1
152242,127
67185,121
124965,728
124965,82
83667,729
83667,55
83667,46
73070,111
198525,51
123239,451
54307,123
40529,150
23540,217
23540,51
23540,173
38309,207
38309,302
172503,51
172503,181
92044,82
443,308
169318,149
36400,194
36400,1
205610,129
34585,579
34585,322
65282,132
65282,730
67928,132
67928,731
67928,553
76150,732
19995,123
154509,37
149776,1
384,524
221318,123
158572,244
158572,1
36648,261
36648,121
1155,51
1155,42
14,102
9441,733
9441,657
32674,734
32674,267
32674,20
230933,123
28,735
29073,123
204516,55
204516,35
4192,637
174973,736
174973,1
126996,1
140,737
140,401
22897,51
22897,734
122588,728
122588,82
144415,123
151247,1
151247,292
151247,5
337,738
337,659
337,1
337,739
139899,1
139899,50
139899,3
139899,740
3570,514
3570,92
3570,655
3570,665
128445,741
128445,3
128445,742
511,51
511,743
511,285
511,744
511,285
511,745
511,285
511,25
511,3
157958,702
4218,746
175621,1
208895,50
2596,109
205046,123
466,69
466,161
67180,261
67180,56
67180,262
67180,58
78733,72
21632,123
10997,123
217085,123
125046,1
125046,747
144553,123
66849,123
128,3
128,748
183571,3
183571,749
15290,459
67888,124
638,200
137423,582
137423,233
137031,1
526,750
526,88
526,406
526,751
192455,225
192455,8
192455,53
192455,3
1295,752
1295,746
162823,30
162823,533
162823,534
22192,465
22192,142
125,701
125,305
150293,132
150293,173
181797,1
181797,84
7858,753
1563,51
102237,92
66587,123
691,66
691,100
691,754
144270,261
144270,58
41627,100
41627,3
41627,318
41627,682
8095,123
65907,123
132,42
132,200
145645,19
145645,388
2569,514
2569,755
2569,756
2569,757
2569,665
128931,123
81453,123
146312,195
218333,492
15318,51
15318,298
2476,459
17025,123
194690,225
194690,115
153097,1
153097,177
223855,123
129731,51
129731,1
129731,758
129731,759
205507,1
205507,72
205507,74
91523,760
91523,3
715,761
197572,51
197572,142
1219,762
1219,263
1219,763
1219,764
39206,1
4394,309
4394,680
45748,192
216201,335
198740,253
12350,765
3870,123
20133,194
20133,766
20133,753
193214,123
205418,29
2533,51
12692,767
103686,123
37371,50
156548,1
156548,646
21791,123
198454,123
559,260
559,1
559,102
40990,102
230085,123
155695,154
155695,173
217,50
125921,309
11229,734
11229,11
3972,309
6819,439
6819,768
6819,263
6819,169
187680,1
187680,5
16991,102
118418,769
36946,328
36946,3
36946,226
17161,51
531,770
531,420
145203,78
22532,564
59,51
59,771
59,772
59,773
158340,248
158340,249
158340,705
205158,71
119781,1
119781,76
38786,163
124969,728
124969,82
37196,118
37196,3
37196,774
229220,123
203780,47
32484,51
32484,1
168274,1
168274,90
168274,775
168274,3
19427,1
19427,776
348,51
348,235
348,362
39188,19
154301,3
7,88
7,52
158109,226
188866,212
156501,123
23107,92
23107,777
23107,328
112092,1
19348,51
19348,679
19348,121
19348,111
108,185
17240,778
798,779
798,780
798,781
1044,51
1044,3
15954,48
15954,58
31479,580
2529,123
202426,123
20,51
140535,226
193308,123
1042,92
1042,782
156138,32
35488,51
35488,99
189052,51
320,783
320,263
320,784
119012,123
234277,123
2603,62
2603,21
3085,166
3085,167
3085,168
180564,192
180564,11
1491,123
163,649
163,650
103660,51
103660,1
103660,50
103660,740
949,171
949,605
111148,363
28620,51
28620,785
38506,37
38506,280
38506,390
41429,786
41429,1
191597,1
191597,90
129050,726
129050,207
286,51
286,477
286,787
286,480
286,562
286,481
286,197
286,483
286,69
286,161
286,450
148261,48
148261,51
148261,0
148261,2
187273,1
99392,48
99392,51
99392,26
99392,1
191572,123
59753,121
59753,189
124827,134
124827,1
124827,3
124827,614
6887,439
6887,391
6887,468
6887,788
6887,412
6887,394
6887,177
6887,720
6887,169
6887,789
153318,109
155463,51
155463,542
155463,412
155463,177
38713,315
8730,293
8730,790
8730,291
1423,619
1423,791
1423,792
67877,102
90305,123
197831,225
197831,1
936,213
634,154
634,793
382,746
1270,62
1270,11
25729,794
142296,1
173156,596
34969,200
34969,52
34969,580
145633,448
27225,3
191972,123
37734,25
40832,51
40832,322
180956,295
180956,213
180956,127
96152,721
172931,51
172931,756
932,576
932,331
192802,795
192802,1
42939,134
42939,659
42939,458
223,261
811,796
811,251
811,503
811,797
811,505
811,169
32944,109
153737,123
55952,51
244,42
131835,736
131835,1
18866,23
149241,336
149241,1
149241,3
127127,798
127127,21
75212,40
206940,192
206940,551
23418,123
19643,62
19643,684
191963,123
118705,601
118705,195
170587,1
170587,369
28723,51
28723,770
28723,26
28723,420
133528,134
157789,4
4491,51
4491,328
256,7
217780,123
124968,728
124968,82
124968,413
207207,123
190082,224
190082,98
190082,211
3236,51
3236,84
3236,717
10550,799
10550,800
70519,718
70519,3
70519,682
5867,801
189,309
189,729
154906,1
154906,802
162009,123
15369,791
15369,803
15369,804
1334,123
140343,69
46007,51
173200,706
93724,771
93724,772
93724,773
176530,1
176530,305
37120,109
1262,154
1262,556
7865,801
7865,100
7865,102
126008,728
126008,82
126008,427
140717,114
140717,1
23451,193
2288,227
2288,228
2288,229
2288,142
192945,123
32116,123
139033,1
118000,805
118000,100
118000,806
27463,48
1194,807
1194,331
16366,51
788,3
151771,90
151771,74
40381,305
40381,116
21654,51
21654,111
168679,3
508,123
162,134
162,808
162,631
36708,51
36708,809
36708,376
16216,192
25261,810
8195,239
8195,811
216597,123
75091,729
40770,51
40770,686
805,51
805,812
805,213
1484,109
1484,813
1484,102
36888,51
36888,302
154003,109
770,102
40425,51
40425,814
40425,58
28829,688
28829,3
28829,318
18460,815
296,123
8490,123
143157,1
143157,3
143157,816
1621,109
1621,0
1621,817
632,109
632,608
101,576
101,350
101,285
101,351
101,285
101,331
172547,51
172547,1
35505,1
35505,818
2612,217
2612,51
2612,7
1037,62
1037,83
1037,570
226501,123
35614,533
35614,3
35614,318
8170,3
3139,123
111,51
111,46
156496,243
156496,1
27048,819
27048,3
27048,318
1111,820
1111,102
1111,821
883,123
4249,342
172552,1
206084,423
206084,3
1589,822
1589,823
1589,374
1589,824
3421,707
140951,323
140951,324
31291,86
31291,825
35572,160
35572,161
35572,419
80006,123
23730,102
5406,7
37400,665
37400,50
17393,42
17393,826
128554,35
160081,0
160081,1
132544,114
132544,1
132544,115
98527,225
98527,1
98527,3
169704,1
80771,123
71655,154
71655,1
71655,50
71655,3
141090,628
141090,46
141090,25
175324,123
3202,211
3202,3
3202,318
184459,42
184459,1
218530,225
218530,336
218530,1
16,51
16,696
16,697
23817,217
23817,51
23817,6
193739,17
193739,35
123570,827
129351,123
171890,1
103649,123
145588,123
163474,1
192934,123
6068,123
19841,88
19841,406
19841,102
19841,752
19841,828
30241,123
176371,1
176371,258
176371,35
178570,123
95105,829
25951,127
25951,830
193621,1
6050,620
39336,47
27356,51
27356,98
27356,55
122,42
2516,637
167698,51
167698,831
11168,832
11168,318
55253,833
109779,1
23686,834
189660,1
143175,460
140125,1
62871,835
18985,42
18985,836
987,690
987,55
987,574
102104,837
5620,378
5622,123
163805,51
3041,838
3041,839
96792,690
96792,55
96792,1
19301,105
130486,685
205045,123
24762,51
24762,160
24762,161
24762,419
714,660
4688,840
168054,1
168054,218
147,771
147,772
147,773
34615,186
34615,192
34615,26
172933,92
172933,102
97915,342
97915,841
97915,84
97915,3
166317,51
166317,707
217083,185
692,194
692,842
90870,843
90870,579
90870,3
84465,145
84465,209
84465,3
84465,318
84465,682
520,556
43307,356
43307,357
43307,358
149809,51
149809,193
149809,1
149809,389
1770,134
1770,3
8107,9
8107,270
8107,21
11949,123
147537,226
136000,132
136000,1
212516,72
204472,225
204472,1
177939,316
177939,176
177939,384
433,275
132428,226
23604,51
23604,707
193557,60
6866,169
181293,48
100679,123
205494,546
9364,169
130882,844
8124,123
8924,845
36367,846
36367,10
38548,123
58,51
18500,52
3967,229
3967,130
3967,577
135281,662
135281,561
135281,480
135281,69
143176,90
143176,226
139952,1
139952,226
11945,123
112373,123
3439,33
3439,734
3439,412
3439,176
3439,847
3439,177
14083,173
14083,621
3267,149
759,619
759,6
118610,848
22398,801
22398,154
22398,517
22398,167
22398,849
22398,152
22398,238
22398,850
22398,851
22398,852
22398,173
22398,853
22398,854
22398,855
22398,856
22398,857
22398,858
22398,424
22398,859
22398,500
22398,6
22398,85
22398,860
22398,861
22398,862
22398,863
22398,632
22398,209
22398,378
3409,704
5205,629
5205,630
19854,864
19854,823
19854,374
40831,279
40831,280
40831,200
40831,281
164812,123
7866,801
7866,7
7866,102
130877,213
130877,127
140519,0
140519,1
140519,865
63091,264
63091,130
63091,131
14808,176
14808,177
38872,123
17484,3
17484,318
17484,610
265,123
6613,866
6613,378
1265,251
1265,99
1265,565
1265,505
135243,342
135243,1
85250,123
37301,867
196526,123
299,868
195372,123
1425,3
1425,318
3234,51
287,171
39242,325
117960,298
117960,19
108722,142
22551,270
22551,11
177249,241
94389,423
94389,3
78954,3
78954,78
169464,1
35342,293
35342,869
35342,291
153623,42
153623,3
827,42
3348,51
3348,745
3348,285
3348,870
2266,585
17449,280
35285,356
35285,357
35285,871
35285,358
24920,6
24920,621
24920,792
223215,123
37231,161
125311,154
125311,173
40398,872
40398,873
40398,505
40398,874
4616,88
58602,875
58602,7
83040,809
83040,376
35350,111
35350,688
35350,3
35350,318
19996,123
206504,123
10788,194
10788,445
10788,446
10788,111
142854,3
200853,100
162559,51
162559,254
162559,338
147930,123
33107,154
33107,173
20545,876
204184,9
204184,270
108044,123
93538,877
93538,9
93538,878
99875,134
99875,344
148290,123
148203,123
4174,816
176565,612
176565,1
176565,502
19679,609
24037,276
24037,277
124380,123
141791,123
84772,51
84772,58
119637,278
119637,46
119637,141
163640,1
163640,404
163640,366
163640,879
163640,344
177354,123
119866,564
169,51
169,641
169,880
31722,217
31722,51
31722,420
135649,32
135649,881
135649,516
56885,127
8172,882
8172,308
136955,42
136955,1
37165,130
37165,577
169147,102
175,667
175,699
12681,123
32165,152
32165,698
206931,123
191004,122
122889,255
41569,98
41569,55
41569,1
41569,296
117942,437
5942,51
5942,251
5942,883
5942,348
5942,285
5942,7
5942,565
5942,505
15033,843
105593,714
552,123
33003,123
168433,51
168433,1
168433,454
168433,226
193560,299
228660,123
179182,154
179182,173
179182,880
1116,169
41490,538
41490,3
41490,318
107190,51
107190,132
107190,553
107190,3
3605,46
3605,884
154875,3
154875,318
154875,610
13883,261
76674,885
44,123
201248,84
114387,261
114387,121
114387,111
114387,578
200454,1
420,123
103132,51
103132,597
103132,58
155708,114
155708,1
155708,283
173105,143
173105,1
131118,35
185123,448
185123,3
68228,148
56707,886
24070,887
163930,123
30539,275
30539,1
30539,818
96713,328
422,217
422,46
2639,51
2639,888
2639,753
3655,681
3655,309
3655,852
3655,862
208773,523
137776,42
161226,123
21641,123
19948,18
105624,434
105624,889
105624,275
105624,1
149853,733
149853,1
129320,1
203430,168
127095,123
192638,3
9,87
25794,556
25794,734
7806,51
464,496
464,843
5795,51
5795,890
1597,875
150926,1
150926,475
150926,3
181761,51
97357,1
97357,115
10819,132
10819,393
10819,734
1260,654
172155,448
172155,3
84469,123
635,331
32441,891
182351,1
2981,376
23985,51
23985,35
79131,33
79131,3
79131,374
815,892
815,3
815,76
4583,893
4583,169
20609,194
139562,1
139562,454
139562,25
4204,894
4204,895
129736,713
129736,714
140863,414
140863,896
140863,161
140863,897
140863,1
142402,1
142402,644
24509,51
65673,69
65673,161
34320,123
156180,1
156180,645
101020,51
101020,42
101020,3
79073,898
79073,3
32014,51
32014,154
32014,167
1444,42
1444,710
17053,123
174837,225
174837,1
20022,606
120605,257
74390,1
74390,899
2162,130
2162,577
184522,123
122891,255
178944,1
178944,115
198522,253
178134,98
4209,845
4209,331
102148,581
25674,226
25674,76
1017,51
1017,434
1645,194
1645,206
200,123
29109,123
216734,123
85,194
85,206
85,287
85,639
1758,465
1758,3
1758,142
229265,123
175878,434
175878,17
155,123
152899,582
152899,233
1293,799
1293,800
1293,3
129122,786
129122,1
171479,681
171479,1
160958,542
160958,412
380,123
146910,51
146910,900
146910,771
146910,772
146910,773
175360,236
175360,901
153,485
153,30
142830,1
138788,92
138788,1
138788,902
138788,3
138788,344
189067,50
34373,102
34373,903
34373,58
21380,123
115293,7
174614,1
22278,904
22278,851
128063,342
139245,123
42743,905
68820,318
68820,753
225818,123
25234,42
25234,309
25234,680
181260,69
181260,161
181260,115
66085,322
9408,123
2238,51
2238,6
2238,888
52328,226
137397,42
137397,292
171835,1
329,6
53168,51
53168,42
53168,1
53168,126
131891,1
131891,292
20806,92
20806,82
20806,83
3553,293
3553,906
4370,123
68247,583
56786,699
198190,123
1430,42
188314,907
188314,212
130390,51
130390,628
130390,46
130390,1
31133,6
31133,7
136440,690
136440,1
21892,298
21892,908
21892,909
191301,225
191301,1
191301,910
28025,51
28025,390
39813,512
444,195
2582,911
30356,30
30356,514
30356,32
29410,42
29410,486
155689,92
155689,82
155689,912
155689,94
34127,141
338,123
155173,123
31503,485
31503,491
199383,225
626,123
68858,132
68858,730
170199,123
149119,238
149119,1
139992,1
139992,228
139992,913
146408,1
146408,304
146408,177
31056,51
31056,243
31056,914
147116,51
147116,390
152237,1
152237,915
25584,51
25584,434
25584,521
2795,51
2795,916
25071,37
25071,254
73863,132
6719,194
6719,7
6719,291
160559,1
160559,90
155451,1
155451,228
155451,707
173047,123
3128,870
214,917
134520,538
134520,3
134520,318
85769,918
144734,123
40214,495
40214,154
40214,152
40214,58
40214,78
174524,1
1561,813
4090,6
4090,7
4090,919
167763,542
167763,412
167763,177
10660,3
437,102
437,763
156266,342
156266,1
124847,212
124847,447
84889,123
159692,3
35035,794
95234,37
95234,767
40444,100
145976,123
173294,316
173294,412
173294,384
173294,385
29687,123
541,331
541,746
123160,1
123160,3
257,920
10081,556
10081,19
117914,123
160418,921
156442,1
1585,922
1585,895
87821,681
87821,852
87821,1
6366,51
6366,82
6366,83
371,251
371,99
371,565
371,505
11265,149
11265,86
11265,704
27739,923
27739,378
27739,1
173761,123
38194,249
38194,250
198609,1
3263,210
2247,924
154443,167
216094,299
216094,652
29773,494
34599,51
34599,86
38749,309
38749,925
38749,46
30804,926
30662,192
19363,505
223953,50
12632,51
12632,137
29663,318
29663,822
29663,823
29663,374
2689,51
2689,626
104994,123
235488,123
173341,11
37208,160
37208,161
8817,62
8817,37
205125,141
7349,853
60131,123
160968,51
12346,927
12346,195
63170,217
63170,7
2652,123
101786,846
267,123
172546,51
172546,1
30,109
135654,48
135654,403
135654,1
3141,123
206150,290
206150,287
98347,48
98347,1
98347,928
218920,123
1213,929
13293,62
13293,412
13293,176
13293,177
1372,924
80642,109
80642,243
233678,123
102898,123
130792,123
8829,650
8829,930
4212,931
19650,161
152757,123
154634,1
154634,369
96613,123
29308,92
29308,20
20080,42
20080,197
27172,69
27172,88
27172,161
42898,42
42898,932
2381,933
2381,102
2381,263
2381,934
2381,784
22287,578
216403,123
2455,154
2455,152
2455,626
1338,51
64826,692
64826,935
64826,98
64826,936
64826,285
64826,937
64826,286
64826,285
64826,260
64826,197
64826,266
64826,1
64826,20
125050,7
125050,1
125050,25
232219,123
200890,225
200890,1
1038,3
6795,759
152053,1
152053,3
183572,92
183572,316
183572,384
183572,82
183572,385
11096,51
227515,123
1666,518
1666,3
1666,318
174155,115
174155,938
1710,42
1710,939
1710,3
1710,318
177079,200
177079,319
160964,11
86955,254
222542,123
33643,667
33643,489
33643,460
33643,92
33643,940
33643,31
33643,566
33643,941
33643,942
223049,123
141932,1
215842,299
215842,300
169274,1
169274,582
169274,233
9028,198
9028,199
9028,58
202288,160
202288,161
202288,419
3154,123
75789,249
75789,250
75789,154
75789,173
133956,556
133956,197
133956,69
782,807
782,524
215841,299
215841,300
7104,779
7104,780
7104,781
135116,249
135116,250
135116,369
154173,154
154173,173
154173,502
154173,178
63632,939
183284,1
190639,519
38657,3
12234,895
12234,3
12234,318
5684,217
5684,476
5684,160
5684,561
5684,479
5684,197
5684,943
5684,69
141,123
550,944
2290,195
204431,1
204431,295
204431,127
113927,721
228504,123
98918,841
180199,225
180199,379
180199,3
180199,318
3452,51
3452,92
128664,596
130899,1
130899,252
199793,123
18291,945
18291,225
142325,123
17804,82
5419,123
197320,123
187353,316
187353,176
187353,384
20079,123
18289,603
148532,601
148532,195
3986,46
3986,838
3986,901
150146,51
150146,494
150146,239
38797,946
178591,1
25420,123
165662,110
165662,733
165662,154
165662,173
165662,508
84159,51
173634,1
173634,644
197065,250
197065,121
179071,342
179071,1
3893,123
176803,123
91189,161
91189,50
22198,154
22198,167
22198,328
19,123
181960,123
215312,123
177197,88
17394,123
4286,62
4286,129
175549,1
175549,676
175549,127
161547,596
31954,947
31954,6
31954,621
31954,622
15826,948
127493,123
58601,234
58601,375
124839,1
124839,3
205867,363
182082,192
193840,123
180198,123
293,123
124668,123
19184,166
6539,410
6539,331
92120,276
29285,6
29285,895
29285,3
29285,318
357,123
223040,123
22457,556
22457,753
205907,9
205907,20
205907,120
161546,596
140457,127
196496,1
131449,1
35669,887
35669,753
192834,89
142271,123
6281,165
6281,35
125993,19
116858,949
180020,123
92666,48
92666,1
218311,299
17651,293
17651,950
17651,3
17651,318
98242,374
98242,951
32838,19
154259,1
4211,931
109969,1
202755,527
179820,239
179820,259
179820,240
71021,84
4529,51
4529,111
4529,200
2998,6
2998,948
6581,853
6581,895
32989,952
148291,123
41003,322
65534,123
66081,407
66081,408
66081,932
67600,433
67600,3
67600,318
57163,123
713,1
713,929
110524,413
1036,1
1036,292
195867,161
195867,1
195867,74
50381,953
50381,1
545,954
12140,6
12140,887
9825,892
9825,3
9825,76
29259,556
29259,955
1459,123
32114,123
199904,445
199904,446
199904,111
69601,217
69601,67
69601,167
206915,261
13532,895
670,3
670,318
179933,489
179933,1
21287,7
24843,35
40531,150
205498,167
205498,115
4206,931
31790,86
31790,825
182770,316
182770,412
182770,384
182770,385
29581,3
105187,51
105187,447
234671,123
38032,123
142267,1
142267,366
142267,308
142267,344
159059,1
177965,123
7929,734
7929,82
14080,19
14080,420
14080,887
119337,123
1917,783
1917,956
5534,957
147431,109
147431,1
65200,958
65200,78
1800,62
1800,37
1800,3
6542,959
943,960
10383,270
3230,785
3230,961
113293,123
756,123
204574,336
204574,5
112869,254
193210,123
153999,1
200934,1
200934,521
68076,365
68076,955
25823,588
24565,51
24565,132
186721,123
80979,51
80979,42
33665,931
156,717
21754,962
21754,282
21754,55
22237,123
2539,51
2539,84
29602,154
29602,173
29602,963
174744,123
2228,21
24878,964
96704,1
4553,123
4258,952
283,123
146735,254
146735,658
204837,129
156373,166
156373,168
156373,169
156373,170
35248,965
35248,152
35248,238
20295,1
20295,707
61458,154
61458,173
69120,966
178613,374
118497,123
2748,293
18803,967
1323,968
17970,556
17970,734
68,111
148205,1
19947,123
173319,705
2633,969
26055,80
235,3
235,318
95,655
220792,123
200847,123
143075,1
143075,970
170,348
170,285
170,7
66837,217
66837,55
66837,1
75448,132
75448,730
1552,51
1552,62
1552,735
137155,123
91034,123
233676,123
216632,123
40107,6
40107,452
40107,971
40107,948
40107,3
40107,318
40107,682
125924,166
804,123
159492,1
2932,88
2932,808
2932,972
2932,35
162263,76
131904,132
131904,973
130605,1
91534,309
1545,508
1545,200
1545,3
1768,109
1768,406
15157,974
247,514
247,756
247,665
46807,123
123576,23
101865,975
1830,154
1830,173
1830,626
1830,746
143096,1
180231,123
2535,976
392,1
1821,931
170318,403
170318,1
2389,88
2389,172
2389,401
97803,977
10174,753
3548,11
67181,123
2604,123
192947,123
186323,1
186323,978
4471,123
205896,154
205896,1
200456,448
200456,3
6663,51
6663,626
6663,979
184491,1
31545,308
29256,51
29256,841
8552,251
8552,505
859,735
181617,123
180901,173
33468,980
33468,3
171129,243
171129,246
1209,51
1209,26
148271,123
75547,1
75547,258
75547,35
4985,637
84464,544
216658,338
6778,309
6778,981
3464,982
3464,629
23,123
200171,135
21464,123
115233,876
142084,681
142084,852
142084,1
149787,0
149787,1
149787,3
65225,51
39328,6
39328,895
143484,160
143484,161
143484,1
13362,130
13362,577
7062,983
110,984
110,46
110,263
58099,380
58099,381
58099,86
171226,78
118402,154
118402,152
118402,292
46158,315
177147,51
177147,277
12896,985
12896,3
12896,318
14683,986
192547,109
192547,987
3475,51
3475,62
3475,1
66424,3
24,80
3837,988
3837,667
3837,259
3837,102
6707,121
6707,111
6707,164
200924,261
159632,1
25900,123
136594,92
136594,1
2470,123
37696,37
4214,931
37728,123
935,51
935,843
935,626
187687,0
187687,310
187687,3
911,679
911,480
911,197
911,69
911,3
911,318
7804,280
7804,200
7804,213
4095,254
8147,603
8147,58
5336,660
209325,3
1679,173
1679,859
1679,955
1679,7
1679,3
1679,318
61484,123
1431,687
128698,51
128698,213
27385,123
4047,123
31920,254
1419,109
1419,88
1419,584
1419,585
1419,406
1419,102
3661,83
14188,393
908,989
908,755
908,756
908,200
908,990
35935,123
34004,903
403,991
403,118
403,200
203102,812
133285,123
202977,225
202977,677
202977,1
24304,37
180602,123
2165,132
2165,62
2165,992
39832,51
39832,851
8166,186
40603,1
188076,109
188076,1
188076,199
188076,58
192,123
3406,993
3406,88
3406,994
75223,3
106999,123
171110,1
73538,837
63706,485
63706,30
3632,50
1493,217
1493,51
1493,152
30932,991
30932,31
30932,976
30932,492
30932,23
30932,261
22245,200
13301,237
13301,995
13301,58
23953,945
145012,123
1212,929
142555,798
142555,21
231696,123
364,327
364,695
364,103
172242,667
172242,1
854,69
854,161
166158,123
137909,713
33434,47
33434,263
193322,5
47046,123
178892,176
178892,177
178892,996
19358,202
176524,51
176524,1
32341,713
32341,714
32341,50
1002,997
8207,998
114438,1
114438,112
4112,999
4112,88
4112,605
4112,746
164698,123
98085,92
32382,51
8668,490
7935,217
7935,51
7935,625
154428,7
154428,1
154428,102
20782,110
20782,495
20782,492
20782,632
66120,51
66120,437
10947,123
146784,547
173441,1
230303,123
21985,524
18746,293
18746,165
18746,950
18746,3
18746,318
88513,42
88513,514
88513,1
189848,176
189848,254
147747,123
27680,86
27680,825
163976,114
163976,1
2077,123
159504,225
159504,0
159504,1
159504,83
22347,606
3413,1000
3413,7
5651,123
172971,123
2876,109
2876,33
2876,734
2876,34
3243,23
3243,881
21804,945
21804,169
96026,217
96026,1
1717,123
42142,3
42142,76
42142,1001
1452,504
1452,505
163931,123
179835,403
179835,511
144761,123
13005,485
13005,30
42929,626
225,541
225,746
23890,51
313,109
313,51
143981,335
143981,759
6263,50
36345,837
36345,1002
5576,998
229,407
229,408
431,380
431,883
431,1003
431,381
431,286
431,285
431,7
27165,186
27165,149
3312,123
816,217
25727,1004
42306,564
164865,1
164865,462
137290,213
137290,127
28396,20
20865,331
45134,966
45134,328
2250,123
191538,123
99312,123
97273,19
72809,132
72809,1
129090,1
16497,259
38318,123
40276,51
40276,69
40276,161
176361,1
176361,218
176361,127
26235,123
25114,69
176262,525
176262,434
176262,1
176262,645
176262,526
183896,837
183896,313
5451,531
5451,173
5451,1
5451,508
5451,1005
5451,263
172584,1
34496,51
34496,734
34496,684
831,123
122690,374
122690,951
36887,302
72667,88
72667,752
107704,1
13751,92
9675,123
181494,123
129820,989
129820,434
129820,1
129820,616
174476,1
203411,123
6688,466
6688,439
6688,169
160561,1006
160561,19
186701,1
186701,50
147623,123
139326,123
23950,9
164506,1
3593,11
111502,374
111502,951
224316,299
224316,652
755,619
15889,531
15889,169
89415,876
12004,309
10156,6
2363,99
230383,123
154905,137
154905,1
154905,802
192297,123
41052,123
55601,123
3577,1007
27969,154
27969,173
27969,621
159469,51
159469,1
136192,1
62853,112
62853,1008
62853,880
62853,344
192120,123
147887,1
153728,194
207062,82
3408,293
3408,718
3408,950
17851,1009
17851,3
17851,829
18243,111
9617,51
9617,6
9617,626
58798,51
58798,192
63167,112
63167,25
7571,123
42244,51
789,109
789,88
789,994
63740,199
63740,58
7479,684
42490,31
142,51
142,40
568,123
55834,52
55834,3
179245,123
72420,123
8229,123
134711,51
134711,966
134711,1
134711,454
3137,1010
1350,123
146725,123
66855,6
66855,3
66855,318
227758,123
62225,986
92643,298
92643,125
101682,950
125048,595
155025,207
155025,90
21373,864
21373,823
21373,374
3828,51
3828,1
3828,871
3828,358
29294,684
38984,30
38984,1011
4173,161
8130,51
4854,919
42328,194
42328,536
42328,165
42328,1012
210290,135
210290,812
195227,225
195227,1
195227,523
38931,123
29387,837
3730,51
3730,368
154510,123
125943,7
125943,1
128733,732
65825,302
146130,1
146130,879
192673,8
192673,3
64956,801
56933,519
2150,98
2150,55
2150,3
2150,318
155702,385
4556,0
4556,3
4556,318
28044,3
2073,919
31745,123
222407,123
20101,506
20101,58
3895,1013
227072,123
1206,623
1206,263
1206,624
3208,92
103339,785
103339,862
103339,895
163920,123
150783,1
17104,51
17104,251
17104,503
17104,263
17104,505
17104,169
213492,123
4210,931
4210,3
4210,318
179719,51
179719,270
179719,129
69552,123
302,42
302,1014
6541,1015
6541,651
6714,20
46782,51
46782,759
11106,130
11106,577
1705,228
1705,1016
156840,123
91773,898
6927,538
6927,3
6927,318
41636,259
203828,225
700,142
146559,1
146559,63
28086,1017
28086,270
217398,225
217398,1
108831,88
108831,406
108831,102
4079,641
57998,207
2,92
8515,966
8515,20
205057,1
2129,1018
142063,1
12283,51
63539,562
63539,127
63539,830
161530,51
161530,200
4505,1019
4505,1020
639,342
639,84
639,459
639,3
41302,1021
41302,1022
39019,293
39019,950
29805,123
171630,92
171630,777
13855,42
13855,1023
151151,1
122159,37
122159,837
11269,272
179448,1
5825,51
5825,260
5825,19
23685,194
127312,123
24947,62
165,406
173536,212
912,194
10814,51
10814,213
216428,123
55165,376
55165,1024
2555,935
2555,121
181523,1
6203,895
65568,123
73664,123
28218,434
55863,123
834,1025
7614,123
4550,123
144325,254
13123,439
13123,169
132758,25
9963,109
9963,110
9963,112
9963,113
3125,62
139508,112
5316,229
5316,130
5316,577
12171,1026
159868,123
3463,982
3463,629
22420,123
214396,225
214396,1
234477,123
225244,141
181329,123
135262,911
161297,1
161297,76
172881,123
3855,123
655,782
13354,916
33495,315
1143,123
85204,123
5445,1016
5445,594
870,42
870,111
169649,123
142889,3
142889,318
39232,1027
39232,318
6930,293
6930,165
6930,950
6930,3
6930,318
41239,50
41239,712
8521,1028
8521,3
8521,318
104377,123
230408,123
214293,37
13084,109
13084,110
13084,541
13084,3
198287,319
200726,1
200726,50
200726,613
59429,1
222509,123
144388,1
144388,50
144388,698
144388,739
114912,123
43320,123
233955,123
208775,123
248,51
90041,161
89,123
10431,229
10431,130
10431,577
159406,123
34227,123
199493,299
142262,92
142262,1
178550,225
178550,1
155496,194
155496,1029
99358,931
4001,229
4001,130
4001,577
25294,3
25294,748
63196,92
63196,82
63196,83
165876,7
190400,0
190400,83
190400,1030
190400,3
153425,109
36482,564
28805,51
28805,1031
28805,21
129556,933
129556,1032
101013,154
101013,9
101013,586
101013,502
129976,129
120669,509
13709,1033
13709,3
13709,318
441,51
1376,123
24568,123
224133,123
62972,3
62972,318
180325,567
3086,123
6481,123
126239,1
126239,335
7843,42
7843,710
686,123
42111,1034
42111,335
184700,1
184700,35
1447,217
1447,476
1447,477
1447,160
1447,561
1447,478
1447,479
1447,215
1447,943
1447,69
1447,161
173275,51
173275,1
173275,195
217861,123
119632,1035
119632,102
696,123
191055,51
173805,225
173805,1
123228,1
139131,1
139131,3
8993,1036
103091,309
103091,680
145642,1
145642,37
145642,3
8920,123
339,102
339,505
8946,627
6817,169
136558,1
3518,9
706,293
706,838
26447,293
163056,1
163056,305
176334,123
23142,51
23142,328
206156,225
206156,1
14634,541
43264,123
177727,455
168770,1
168839,123
7742,734
7742,966
206490,123
143994,1
84869,686
38877,509
38877,3
38877,318
192240,1
18485,217
18485,51
18485,57
171261,1
108344,123
3097,217
3097,562
3097,161
3097,1019
101929,1037
310,92
27532,606
192927,225
192927,1038
192927,1039
4205,354
4205,285
4205,931
22359,3
22359,318
22359,610
152510,798
152510,21
19989,51
19989,578
85000,3
85000,318
85000,682
72644,109
72644,1040
72644,3
153422,51
153422,447
73313,923
180761,225
76,123
194923,225
194923,1
194923,829
6955,3
6955,1041
142239,1
1498,51
1498,1042
1498,1043
1498,829
114903,123
215840,299
215840,300
173092,123
147707,489
147707,490
147707,491
97875,974
97875,226
56796,393
56796,88
56796,1044
56796,668
1577,121
1577,301
136356,123
38735,280
32002,1
9829,120
9829,415
66193,123
198138,92
198138,90
182116,1
3318,200
102610,173
1496,42
1496,679
66190,380
66190,286
66190,285
66190,7
56758,1045
963,380
963,381
160744,1
114667,51
114667,1
145308,1
368,659
3061,154
3061,173
3061,710
3061,178
161926,897
161926,1
6353,123
229414,123
7118,779
7118,780
7118,781
321,109
321,907
17,213
162107,123
194230,132
194230,542
149361,205
149361,682
203204,9
203204,831
163929,123
123885,1046
123885,489
123885,32
88126,315
4424,1047
154880,123
124590,173
872,123
20078,1000
20078,7
189350,123
548,1048
176606,51
81250,123
146228,293
146228,1049
146228,662
146228,205
146228,19
146228,216
146228,86
146228,420
146228,211
148729,19
148729,749
29875,1050
29875,1051
4562,123
63758,206
63758,7
41474,161
41474,809
41474,376
157088,1052
157088,1
144566,659
144566,3
222,363
175222,705
57073,3
57073,318
57073,1053
144567,123
193953,1
193953,775
193953,3
86156,1054
86156,1055
300,121
20750,967
109548,123
132497,123
206206,51
206206,76
16804,1056
3487,587
3487,62
150484,1
150484,1057
108161,123
5740,829
25491,380
25491,381
69130,853
69130,1058
205885,485
223779,8
1535,331
42444,51
102,51
137651,1
123536,123
2079,123
31506,940
36314,803
36314,420
36314,804
217776,225
217776,1
131246,6
28284,815
161527,309
161527,121
37461,207
83325,42
83325,111
83325,3
83325,318
199966,123
71973,654
71973,486
14035,51
14035,434
100734,30
100734,32
100734,656
100734,23
100734,1
30166,254
180543,1
180543,1059
621,123
4488,51
4488,328
24770,30
24770,495
121041,123
7092,1060
7092,753
30328,1018
138166,212
208480,225
208480,1
200785,123
68603,51
68603,86
68603,825
132019,55
132019,986
132019,574
186864,1061
126613,130
126613,577
140795,249
140795,250
140795,173
140795,502
66126,251
66126,1
66126,565
66126,505
102144,109
102144,1040
102144,3
28452,123
29903,154
29903,167
72478,123
182,1062
232520,123
7086,1000
7086,7
35400,1063
17027,755
230305,123
123045,123
145888,542
172540,225
172540,92
172540,1
2640,62
2640,1064
177875,1
177875,102
1576,643
65936,895
150298,1
150298,739
137095,383
137095,390
193486,1
4958,887
4958,753
711,51
711,567
711,407
711,408
121073,123
259,123
27658,637
6209,123
10934,123
4921,919
5833,42
5833,710
207016,454
128921,558
90009,123
179350,123
33924,123
1720,1065
177499,970
163641,1
163641,404
163641,344
39932,710
97,42
97,529
178044,123
1678,445
1678,446
1678,111
1678,3
1678,318
37672,130
37672,577
163937,1
74,1066
74,102
539,1067
88594,366
9735,890
9735,880
17988,123
23995,205
23995,19
23995,86
23995,420
23995,211
17923,1010
184346,225
10183,1068
10183,1069
10183,901
10183,3
10183,318
129614,123
950,154
27968,6
27968,621
107148,564
11231,123
110102,123
68260,194
68260,766
68260,1019
220775,123
436,123
191177,1
23053,51
23053,56
1506,51
1506,186
1506,237
1506,149
1506,838
124622,3
124622,318
166107,173
166107,698
166107,739
118385,111
118385,932
66781,3
66781,318
21947,173
21947,710
4401,51
4401,69
4401,161
5767,51
5767,18
5767,976
5767,990
6137,514
6137,890
6137,505
130295,3
29355,1070
137237,278
137237,46
1690,30
1690,1
69851,134
135877,50
67919,127
115288,977
1379,123
117854,123
3608,123
651,123
5369,868
178210,412
178210,837
4920,6
4920,7
4920,919
37198,270
69278,3
69278,318
169341,1
169341,3
4753,51
4753,328
181176,225
181176,1
8273,111
196305,527
127784,109
127784,746
13530,50
13530,712
173018,0
173018,1
173018,570
748,88
7514,1
12194,254
12194,213
108018,504
13286,51
13286,42
9606,51
9606,944
231197,123
231665,123
1445,505
2375,1071
2375,746
202,66
72132,92
54735,51
54735,1072
147021,936
147021,285
147021,1
23919,167
23919,626
22303,123
141653,118
141653,233
232988,123
4356,494
147451,123
38821,309
1448,51
4050,123
5770,654
5770,50
5770,1022
85652,226
163163,51
163163,225
163163,331
198707,3
16000,1073
16000,217
16000,51
16000,55
4974,1074
279,957
132148,123
13507,123
88016,336
104573,659
129165,564
194523,123
110331,123
139147,48
139147,42
139147,115
22497,66
1413,610
215437,553
82,194
82,1
226634,123
219708,123
191982,123
57,123
104,123
215308,123
19419,51
19419,106
19419,107
19419,108
189222,225
189222,1
59149,991
59149,656
2579,490
2579,164
2579,884
1992,123
2154,538
2154,3
2154,318
194,123
460,1067
2125,88
194232,1075
32424,217
32424,843
32424,199
6738,261
6738,328
94396,803
94396,420
94396,887
173115,1
88406,3
88406,318
109764,112
132326,560
132326,561
132326,663
132326,69
132326,161
8126,51
8126,56
8126,57
218050,123
2800,1076
170901,35
193668,225
193668,1
126750,170
145975,710
167298,51
167298,23
5511,884
66982,123
145219,123
1894,42
1894,111
1894,710
35289,420
67178,733
28739,215
2968,123
5452,895
95613,976
95613,292
13071,51
149896,134
149896,1
149896,3
181501,123
49276,1077
49276,937
49276,6
49276,971
49276,1078
161943,123
10496,125
215613,225
215613,1
182120,109
182120,51
85424,985
85424,6
172965,1
192343,123
17835,267
17835,20
196306,527
118023,322
10501,123
8138,51
25574,251
25574,503
25574,505
25574,720
25574,169
10641,1051
36325,924
35369,134
35369,837
194789,1
96260,84
3414,887
3414,1079
22161,194
22161,694
103184,583
34166,903
4475,123
201455,82
229791,123
34659,1080
34659,149
34659,86
34659,825
161578,1
161578,1081
158544,1
211940,123
21779,1082
21779,207
126912,97
126912,98
126912,55
146,123
83629,92
83629,21
3218,51
3218,121
3218,852
3218,862
3218,888
207753,123
34,37
322,1083
322,58
32901,123
25685,123
237087,123
165877,51
10642,1051
122913,1084
122913,154
122913,143
122913,173
122913,178
534,653
534,286
534,285
534,7
215463,123
132817,167
16320,565
16320,505
3416,420
3416,887
149620,234
149620,375
148083,489
148083,1085
24416,123
158130,132
158130,137
158130,1
158130,730
145654,134
149097,1
92363,123
54643,109
34010,725
201186,123
1942,51
1942,1086
1942,168
231999,123
160784,1
4984,123
102181,123
37296,1087
37296,1088
3573,901
165004,42
165004,1
165004,212
165004,447
217894,1
264,123
215371,225
93971,121
93971,301
145014,844
11081,123
160409,739
1799,62
165477,1
9021,51
13089,123
103651,123
17997,1010
7103,779
7103,780
7103,781
3321,200
130552,637
41090,51
41090,867
3040,374
146149,123
207687,1
1421,1089
1421,781
1125,123
183578,921
144574,1090
182074,520
191579,316
191579,384
191579,385
191579,719
10653,734
10653,470
21930,960
21930,707
137154,123
127282,105
38430,109
130827,123
1152,123
67453,1
67453,118
67453,454
67453,1091
67453,746
79067,123
72800,331
72800,1024
21358,123
3095,374
125996,9
125996,111
111081,30
111081,489
111081,940
111081,1092
111081,941
111081,1093
111081,544
161757,1
10226,1094
10226,1095
213370,123
175695,42
39383,3
39383,318
126,524
151,993
82955,946
193483,123
223770,123
6923,587
155460,798
155460,21
16162,791
16162,621
176146,123
161681,1
117838,837
117838,1096
63027,13
63027,226
164874,1
164874,318
150016,23
15999,1073
15999,217
15999,51
15999,55
15999,124
121423,366
121423,3
121423,344
185709,1
144743,1
144743,37
144743,3
144743,226
153497,1
153497,112
153497,879
153497,344
1681,173
1681,7
1681,3
1681,318
1927,254
43,123
163027,1
163027,76
166776,225
166776,1
27266,1013
41762,1026
41762,1016
41762,594
11274,857
11274,710
9139,66
9139,154
9139,103
24396,123
1708,48
1708,51
99630,123
137238,123
181440,64
90,51
90,11
42560,6
42560,1053
21414,123
137900,335
162865,1
207208,123
3992,1097
3992,1098
182619,123
203270,142
38553,755
23981,123
59936,1
133405,1
54433,989
54433,991
54433,434
54433,1099
54433,490
10989,88
10989,605
937,1073
937,217
937,55
10206,1100
3597,1016
147299,48
147299,1
147299,90
178940,1
178940,118
93541,123
13172,154
13172,1
13172,880
1315,805
1315,100
12355,123
75333,134
941,578
719,51
719,342
719,84
26983,123
2580,1101
2580,105
2580,884
147716,1
147716,8
1669,3
1669,318
2638,1033
149910,110
38429,102
160044,130
160044,577
40761,51
40761,382
158534,1
147363,316
147363,384
147363,385
147363,1102
3495,62
3495,334
169275,582
169275,233
130006,123
1982,195
1982,169
1982,170
5297,838
172896,1
194723,123
117663,1103
5357,1104
118776,434
118776,198
118776,1
118776,199
118776,58
67917,1
12830,40
28907,3
28907,318
1582,1019
1582,895
146158,26
19624,123
2316,914
25775,121
197072,123
41658,123
71593,51
71593,616
146579,123
181161,123
7290,109
7290,368
197439,17
63975,903
2063,82
30216,123
3534,1105
43578,51
43578,20
1309,51
121764,51
121764,505
121764,226
8059,123
122943,123
28185,46
28185,3
216199,225
216199,338
13456,83
13456,213
5680,123
180591,51
175334,0
175334,609
172062,767
130680,1106
27101,46
87907,217
87907,161
87907,1107
86177,105
86177,826
3083,610
3412,1000
3412,7
814,123
170225,100
170225,1
189192,597
189192,1
189192,212
884,123
129974,130
129974,577
4453,1042
4453,1043
4453,1045
27117,123
1203,390
344,123
2583,217
2583,51
2583,7
165595,123
450,123
668,123
1883,679
1883,111
1883,710
31897,51
393,342
3586,99
33732,420
33732,508
1796,533
1796,1108
1796,358
203740,123
2872,109
2872,102
718,552
33150,1047
33150,944
19765,169
17857,217
17857,162
17857,163
17857,164
17857,165
109451,519
67601,225
67601,433
67601,3
67601,318
13403,1094
13403,1095
27965,173
27965,621
27965,3
27965,318
129156,753
163172,123
89668,703
89668,52
1549,1109
8719,123
123185,556
153639,1
173460,1
173460,20
23010,270
316,88
316,1110
31697,1111
6931,52
5677,791
23779,51
23779,50
23779,1112
195237,1
195237,326
207572,225
2448,88
2448,100
2448,1113
2448,263
122890,255
12282,123
250,51
250,26
61028,19
61028,112
61028,589
61028,3
61028,318
102897,1
16373,390
1693,42
1693,311
12157,123
43691,3
923,376
200834,17
110286,154
110286,167
110286,1
1674,1114
22485,344
1339,92
1339,82
34639,1115
34639,3
185196,225
147305,115
124545,109
124545,336
124545,1
124545,685
124545,3
15261,123
170300,843
170300,1
170300,613
147999,405
147999,5
3613,1116
129359,254
30641,123
147370,1
147370,335
172969,582
172969,233
98443,1
26148,494
26148,1117
227273,123
270,51
270,165
166202,123
206754,123
1197,168
10662,194
4,121
4,263
231280,123
54507,1118
54507,100
54507,440
188164,1
188164,538
188164,318
127920,132
56995,1001
213266,1119
213266,1
5455,1098
459,51
459,331
64220,1120
64220,1121
187104,123
155827,0
155827,611
379,505
21022,123
36597,790
36597,291
308,870
112598,20
159575,123
3383,496
3383,657
3383,50
158837,1
1536,1122
1536,50
2371,994
2371,1123
2371,3
173504,804
157912,1
191877,123
515,376
3279,62
231664,123
188720,225
188720,1
188720,299
11159,998
195242,123
147614,51
90474,123
766,807
766,51
766,1124
1783,134
1783,267
1783,20
1783,1125
330,1126
161108,1127
41833,1128
41833,1129
192401,51
8935,51
192185,123
2667,123
562,123
103368,123
194286,225
194286,513
194286,1
172613,123
4324,270
4324,21
25213,123
5869,339
5869,125
200058,123
25008,51
25008,42
25008,461
25008,215
25008,161
38986,217
38986,7
210900,110
5711,193
173486,256
71668,51
100169,7
100169,3
4637,667
697,123
1668,1114
144526,123
22677,123
189869,1130
189869,1
16805,692
16805,46
16805,1056
133437,573
133437,462
5243,1
48,123
1823,217
1631,1131
1631,3
10527,88
10527,585
194196,1
194196,20
65334,132
65334,553
181290,154
181290,173
13511,502
20646,217
20646,205
188178,225
188178,1
160567,428
160567,910
426,753
185374,261
145186,1046
145186,989
20195,88
175961,123
34747,1132
34747,971
34747,1133
154600,123
104640,962
110870,342
110870,1134
12897,985
31621,123
134150,51
134150,1091
134150,491
158168,1016
164237,1
155042,1
155042,226
141067,368
14860,293
14860,287
14860,869
14860,291
26946,363
218161,123
192351,1
171672,123
13266,1007
176435,1
176435,905
159143,1
159143,1135
15045,270
15045,11
2168,123
32990,952
127561,898
214996,1136
16443,92
16443,998
65313,1137
18723,328
228668,123
182094,123
58624,1138
58624,792
2447,123
1275,97
1275,55
1275,99
123844,1
11161,998
133534,207
3864,587
3864,33
3864,734
98762,123
111173,123
124390,1
124390,413
2114,755
2114,434
2114,701
187679,130
187679,131
34169,123
174402,1
174402,474
864,33
864,734
864,34
38873,51
38873,42
38873,1139
38873,339
623,123
4493,521
46323,51
46323,9
204675,138
27298,123
5222,51
5222,7
128412,363
69136,123
85105,7
5478,989
5478,495
5478,1140
5478,659
82402,123
173649,112
30024,51
34871,51
34871,161
166988,1
40935,811
162351,1
162351,37
162351,540
2259,123
174518,212
207330,123
224821,123
124047,1
168215,590
191986,123
3003,51
3003,1141
4008,838
4008,839
25738,821
52568,726
52568,207
34334,1133
41934,794
3710,918
193651,123
5985,945
11182,784
145103,1142
145103,46
145103,207
145103,3
145103,318
129293,1
193867,217
193867,211
8192,51
8192,1143
4388,42
4388,197
18932,1144
18932,161
164158,1
164158,1135
171492,51
171492,175
150013,161
150013,509
144492,286
144492,285
144492,7
32129,118
6508,51
85108,538
85108,3
85108,318
85108,610
30958,1145
9342,18
194100,237
36986,1146
36986,1147
847,171
847,393
3563,1031
3563,21
166372,123
152847,123
3119,123
3093,733
66613,123
4106,123
151275,1
129945,31
129945,524
29678,51
29678,254
92852,569
2076,68
2076,1101
2076,1148
2076,900
366,30
184866,123
15474,123
126000,207
143882,123
135215,1149
181122,51
181122,92
8017,296
40234,123
223278,123
104627,1
104627,447
33759,48
176980,1
163377,173
159141,132
5233,111
5233,709
5233,710
40,123
5306,368
29379,19
144525,51
144525,557
6202,42
6202,1023
6202,560
6202,481
6202,482
132620,436
90190,123
9615,51
178896,1150
2611,123
142085,681
142085,852
142085,1
142085,105
99437,123
458,97
458,55
458,99
56320,1151
1644,263
1644,707
87,194
3044,111
3044,1152
3044,727
181811,92
38275,123
27766,309
202732,123
5614,1028
175088,121
175495,123
55763,653
125315,508
9804,539
37906,1153
57141,55
57141,3
57141,318
151835,123
39088,656
19187,998
19187,390
69234,123
62922,1090
12898,985
1233,171
1233,933
63,173
23348,597
23348,58
145601,225
171339,1
40432,956
213149,123
139443,51
210663,225
210663,1
14403,130
14403,577
165556,597
157322,137
194553,123
99459,1118
99459,447
170669,1
820,109
145,52
1412,123
177490,6
177490,1
177490,115
5635,1154
99130,3
99130,318
99130,682
5217,1155
5217,439
5217,168
5217,169
204605,123
25605,51
25605,35
216974,123
162041,154
162041,369
162041,502
94373,1138
143782,123
75828,134
159581,166
159581,970
8096,51
172560,123
895,368
2224,1156
55705,52
980,363
66437,123
8325,838
142557,876
186995,51
186995,1001
38778,123
13337,439
13337,169
637,51
637,331
153709,109
153709,121
153709,102
747,753
951,829
951,746
121657,556
29140,118
146818,109
146818,50
40235,123
56128,937
56128,6
159910,123
5791,1157
67593,51
67593,279
67593,280
67593,281
53624,206
53624,287
53624,3
53624,318
53624,682
1520,623
1520,624
129382,681
129382,949
311,51
311,76
103670,734
103670,846
126021,123
34701,35
107635,935
107635,121
107635,292
35964,755
130911,33
130911,412
130911,177
88253,971
26459,490
26459,194
2891,1158
2891,824
173096,123
195709,123
4769,1159
145493,1
58329,123
13347,123
5255,229
5255,130
5255,577
103877,123
221230,123
2960,1
2960,1086
2960,957
40816,1160
566,843
131568,1
5071,420
163175,154
163175,1
4255,1161
126242,123
499,123
89342,13
89342,1
12055,6
42651,980
42651,112
42651,3
42651,318
2281,1162
2281,1163
21709,681
21709,1164
188188,123
178007,51
178007,3
204728,232
204728,233
148231,123
150761,1058
1803,118
1803,707
1313,217
1313,236
1313,19
35423,123
3190,110
3190,88
3190,584
3190,585
3190,102
3190,752
36739,23
36739,1165
138963,37
108665,9
108665,1
108665,3
218129,123
215471,123
27817,123
2324,1
2324,3
2324,318
198110,123
186279,123
2678,134
2678,1105
2678,3
121409,1
121409,1166
6117,514
6117,489
6117,756
720,50
33767,88
33767,1167
33767,752
18794,123
17526,62
170537,124
170537,1
171278,6
2379,1054
2379,1168
176817,51
176817,130
176817,131
19727,759
108637,336
350,102
2759,605
26156,1169
212765,123
193693,123
176596,709
176596,710
153905,1
153905,112
6191,123
17465,123
30483,991
17162,654
17162,845
17162,1022
136587,154
136587,173
136587,1
136587,502
4610,109
4610,200
4610,21
172662,51
172662,1
172662,645
20077,6
20077,704
11104,460
11104,166
1702,406
5699,121
5699,1098
5699,887
12134,1170
38980,63
39941,123
31808,123
158991,173
43526,1000
43526,7
199242,123
7251,1116
152567,123
22465,123
25695,1171
25695,1
4368,1094
4368,1095
177702,123
5686,123
2542,123
163399,123
200551,123
67199,1069
16933,254
16933,177
66076,51
66076,78
181265,243
181265,1
125658,501
108377,123
40243,1172
40243,6
215616,225
215616,448
215616,3
213549,469
213549,35
135796,1058
853,701
38391,713
38391,714
38391,50
6226,1173
11705,1174
169530,605
169530,1
226254,123
42731,815
4086,1175
4086,19
167828,1
171356,111
171356,1
168700,115
168700,613
37589,813
31449,733
165404,92
4102,561
4102,478
4102,480
4102,562
145393,742
145205,51
63395,57
63395,74
180193,123
11865,531
11865,1005
35476,1051
6431,123
160432,132
138104,51
138104,1176
138104,609
121958,226
35634,154
35634,173
35634,178
22479,134
22479,33
22479,734
22479,20
27940,941
27940,1165
207338,123
153238,23
30324,443
24511,309
1583,1051
38387,903
191438,225
15209,88
41612,3
41612,318
228411,123
10623,57
10623,1007
490,123
11886,194
180241,637
4884,123
67148,127
38026,813
38026,334
169475,1
169475,195
5251,1177
5251,88
5251,125
177697,51
177697,428
8222,494
178147,123
118703,7
56294,647
129204,194
129204,1178
144988,1149
117995,595
118337,1
118337,292
42997,615
147568,51
147568,910
147568,270
6607,154
6607,254
160908,186
160908,46
160908,86
160908,115
160908,212
160908,447
4014,123
669,123
2252,808
30878,55
121993,50
64,51
64,44
223619,123
76247,1
225729,37
225729,3
41875,123
217321,123
39635,123
230089,123
147624,426
196712,225
196712,765
196712,1
71272,244
150485,667
141419,123
118293,760
4667,62
4667,1179
39332,109
39332,579
6657,123
163841,217
163841,225
163841,371
163841,1
99078,1
139897,1
139897,613
148531,123
124490,57
158970,1
158970,226
8069,109
8069,813
12488,51
12488,62
38471,1111
10789,439
10789,169
18946,50
210271,228
172073,342
172073,976
172225,667
172225,1155
172225,1
91666,51
8316,1028
164354,123
232361,123
12899,985
87200,92
87200,1
170146,123
158973,51
158973,1
158973,125
158973,3
110868,123
152241,127
35438,51
35438,1180
35438,1181
26458,152
26458,710
43365,1
43365,356
43365,357
43365,871
43365,358
139572,1
131581,163
131581,707
35293,103
35293,1182
75782,123
169697,225
169697,1
18931,123
12188,51
12188,508
40491,778
226255,123
4226,1183
11437,985
10523,51
280,42
3339,1184
1149,92
7176,1056
7176,753
23827,707
12318,123
184919,123
37257,123
142558,876
195296,123
181404,123
274,123
7138,1185
76883,154
76883,857
157323,918
189294,109
189294,1186
189294,426
185378,225
185378,1
185378,1059
2396,217
8066,123
102690,123
89695,123
4522,243
4522,1187
4522,811
8887,6
174260,843
174260,90
8798,163
8798,838
197333,123
43249,1188
33077,123
4643,1189
4643,102
138614,1
42396,194
42396,207
204599,123
29411,123
234621,123
128218,625
128218,228
46422,286
46422,285
46422,7
153991,1
133747,123
128204,1
168537,225
168537,1
185021,123
185380,225
185380,1
185380,1059
8495,868
33172,123
5281,102
183797,11
183797,596
181254,51
181254,132
174192,123
3595,123
234396,123
12567,6
3177,130
3177,131
3177,130
3177,577
4244,123
204817,1
204817,202
190333,225
190333,1
29456,1190
29456,226
20889,1159
3711,123
21436,217
21436,51
21436,7
137872,1
2072,123
154479,168
65990,123
83197,1034
33785,1056
33785,753
11582,169
574,331
574,376
1202,123
199780,225
2254,51
2254,1008
2254,880
67693,514
67693,940
67693,32
67693,23
3836,62
14258,286
14258,285
14258,7
1509,1191
216864,685
29017,56
473,123
154892,168
23928,1192
2464,123
92644,109
92644,195
68188,19
68188,3
68188,318
68188,682
15167,125
38805,123
192334,109
192334,35
18400,123
155495,656
174182,62
128938,1
128938,177
213953,123
231819,123
23917,1193
205185,225
205185,1
79282,74
165563,123
229632,123
170202,632
170202,1
201308,1194
909,878
17991,406
17991,969
62814,118
39939,293
39939,1195
76207,123
20266,795
20266,372
2422,123
7453,895
1463,226
142556,876
4275,1007
154125,932
185381,1059
103061,109
103061,88
225163,123
210,123
66125,123
352,123
94731,1128
94731,1129
94731,1196
277,123
114684,1
65272,123
2536,123
3110,92
3110,1131
33155,123
188991,134
188991,1
4346,1007
4346,838
160903,225
160903,0
160903,3
160903,318
131332,51
131332,528
131332,1
129010,1
129010,58
18747,123
88871,937
88871,6
661,123
85800,889
85800,112
85800,486
1533,195
118410,32
4485,123
1525,62
1525,1179
210052,225
210052,1
289,461
289,121
869,746
96,529
3226,1042
3226,1043
3226,829
156007,682
476,171
11122,123
191543,123
31853,51
158392,1
158392,37
112192,88
86415,109
312,123
95386,667
95386,154
95386,863
95386,50
95386,369
91010,318
144632,1
142503,127
8284,1197
172507,51
172507,667
172507,239
174093,123
10682,51
10682,1198
159209,109
159209,1046
1358,109
4454,829
230059,123
226522,123
233961,123
1072,123
163354,248
163354,250
163354,366
135508,484
15410,489
7844,839
158742,897
158742,1
158742,369
216578,123
20228,51
20228,58
176,1122
14039,123
16362,1199
16362,239
16362,118
66665,459
26138,557
74102,123
828,123
91671,664
161965,123
6767,123
165748,123
2860,1200
2860,631
147104,23
147104,881
42448,1201
840,123
40550,62
40550,374
217362,733
231666,123
99808,1
99808,50
38364,486
145475,123
224894,123
112381,143
112381,335
205308,123
67,123
6642,1173
168232,1
162591,123
156175,331
507,123
7719,42
7719,328
7719,228
137744,154
137744,173
137744,1
106753,454
40258,163
40258,1028
40258,1193
175254,0
175254,1
156786,573
156786,254
156786,462
78,194
78,722
182218,123
191387,3
191387,374
27306,69
2853,123
210232,225
210232,1
160012,1
6495,1185
6495,753
87120,51
87120,149
87120,40
41100,293
41100,621
154939,1
154939,1202
154939,1203
158982,51
144728,658
4613,217
4613,205
7824,51
145501,123
142924,115
17536,293
17536,1195
150294,1
150294,226
841,123
2211,393
128011,123
169215,806
169215,1
169215,115
169215,771
169215,772
169215,773
5394,293
5394,1195
33911,123
22864,111
22864,1204
29383,1205
1695,962
36424,51
36424,356
36424,357
36424,358
4200,6
4200,86
4200,1205
137,1206
4642,1042
4642,1043
4642,368
135,123
4928,51
4928,813
104805,1207
104805,544
4839,692
4839,46
4839,838
359,989
359,655
7215,123
72285,109
72285,110
131241,225
131241,1
131241,447
131241,771
131241,772
131241,773
2919,808
159446,123
1070,123
2574,123
11432,1208
2268,130
2268,131
113,123
181325,123
1472,505
18057,1010
102835,261
230791,123
12131,1209
172362,173
230342,123
58886,112
183959,225
183959,1
6861,1007
158812,1
22948,254
211716,123
14054,123
9386,541
154895,1
218208,141
99097,51
99097,50
99219,123
181867,123
1098,1126
1098,177
12248,111
121615,51
121615,1
24410,123
8812,1094
8812,1095
37739,25
147206,1
147206,25
12764,51
164159,1
164159,1135
427,123
793,1087
793,1088
440,30
66798,1210
66798,664
66798,665
17922,1010
17922,46
57759,51
57759,500
57759,50
144479,62
144479,212
144479,447
151251,109
151251,51
5941,51
199047,225
203719,611
147768,123
2938,123
8957,1156
55679,1211
55679,3
55679,318
158100,123
156096,693
2794,123
197455,123
166109,1
135888,123
174893,123
1380,673
1380,524
5171,1212
11733,169
137406,1
137406,447
137406,292
14007,42
14007,710
2610,123
376,200
3692,378
235512,123
128137,1
23935,123
5772,123
206471,454
93819,154
93819,586
10908,328
10908,1213
191998,705
104575,123
2665,6
2665,948
210040,225
210040,1
867,51
867,746
7263,960
7263,169
36,1214
36,823
36,374
127981,1
127981,3
192656,123
5504,123
6627,123
2613,134
2613,3
2613,824
5393,434
5393,32
5393,737
31575,62
84834,852
84834,887
25314,645
25314,994
25314,3
25314,1215
25314,1216
25314,169
710,51
710,808
36297,804
199881,123
205831,123
163097,895
163097,753
18115,1069
5476,1007
2471,1217
17863,1218
162114,51
31542,1219
1713,154
1713,461
1713,152
174802,1
67361,7
173804,1
171037,123
171544,51
94483,566
13016,123
122691,1
103235,154
103235,1220
103235,860
988,969
13728,1114
229427,123
82272,217
145722,32
145722,881
35599,390
199357,1
140612,51
140612,21
158237,123
178209,837
178209,658
2944,1221
2944,1222
2944,252
2090,6
2090,887
3242,51
3242,42
3242,311
164027,946
35477,1007
82424,154
82424,1223
82424,632
6752,9
193213,123
154804,132
154804,542
203655,207
203655,596
171136,193
158564,1
64897,410
64897,331
8003,42
8003,111
8003,161
154902,1
154902,802
131121,1
146035,1118
129380,770
129380,26
129380,420
1835,123
208766,123
4831,829
1371,643
217949,279
217949,280
181328,123
8711,123
2520,51
2520,1156
102681,115
102681,447
193238,894
193238,895
1965,82
10559,123
120447,1
120447,920
131232,123
7218,217
192735,463
192735,390
23263,813
23263,1224
128537,123
67285,42
67285,1139
193485,123
199076,609
159355,51
159355,173
10679,1170
4228,236
4228,19
4228,46
4228,1183
147883,705
1302,1225
1302,1226
1302,746
40941,940
40941,881
7634,1036
9962,1227
27490,508
173759,1
127188,123
147171,1
147171,212
147171,707
31554,167
31554,838
37184,734
37184,82
156976,361
156976,366
128425,123
2298,894
123129,1
123129,1228
145599,167
145599,1
122599,123
143680,721
62030,642
62030,533
751,51
94331,3
94331,682
404,66
404,664
41033,123
142197,195
142197,226
1566,150
5698,1175
17030,1010
536,123
73650,123
1831,626
1831,746
608,1229
233956,123
17533,82
18606,1230
113567,663
113567,111
13597,439
13597,166
13597,168
13597,720
13597,169
1814,1231
1814,166
1814,168
10964,1094
10964,1095
4288,918
148767,123
176963,51
18975,123
17654,217
17654,7
172994,309
29198,82
29198,83
15235,123
162152,51
46362,123
178153,1232
178153,1
164031,51
164031,254
164031,226
76436,123
1782,111
223602,123
4085,272
4085,839
136245,123
34098,1233
182260,3
182260,749
192508,1
7755,19
179259,1
152846,1
152846,3
129946,123
8939,123
180179,123
3852,62
3852,374
12071,829
1633,51
133835,1061
133835,226
155636,51
155636,501
193212,475
12141,1170
11436,985
39345,163
39345,887
40483,51
40483,1234
40483,132
40483,328
125493,1
3341,123
94365,123
1145,123
166569,225
166569,1
2780,1020
112991,254
67309,123
197269,123
1519,62
137500,42
137500,679
137500,111
6253,51
6253,753
25182,123
166418,1
159515,1
159515,116
138317,123
147240,309
4980,109
4980,102
201920,37
214296,123
198611,118
166280,92
166280,1
10707,64
66080,3
66080,318
66080,682
160853,51
6251,1097
6251,791
170041,109
170041,454
218580,123
28037,23
34829,261
34829,111
34829,209
162315,51
162315,1
79068,677
79068,1
175989,1
174298,1069
134,1124
156482,1
138105,1176
138105,609
111069,123
3411,260
3411,887
65814,123
66608,494
66608,989
66608,667
66608,489
66608,495
66608,434
66608,733
66608,239
66608,1235
66608,112
66608,949
66608,486
151456,132
151456,611
131261,270
119899,1
209664,225
209664,1
40370,123
230498,123
138338,356
138338,357
138338,358
4532,383
144150,1
197178,1135
145424,51
186767,123
13230,123
2838,1236
22378,46
190232,549
190232,971
77011,1134
2353,123
62214,1237
230315,123
30057,50
129091,1
10904,123
38904,123
127839,1
127839,462
2904,1238
158886,1239
141735,161
141735,255
155802,123
61269,92
61269,777
187289,51
187289,667
41837,123
60029,378
60029,1240
60029,3
60029,318
21469,123
2301,123
178302,225
21704,51
21704,58
217475,123
144382,255
12533,123
108783,123
166859,51
166859,225
166859,1
206805,55
206805,3
206805,318
140997,42
140997,1139
140997,1
23757,639
23757,1016
23757,594
37441,123
2543,42
2543,421
183447,331
1253,51
11202,123
8232,92
97094,123
205079,123
27802,200
3679,123
18781,538
18781,3
18781,318
40759,588
2123,62
2123,63
2123,83
2123,498
170909,123
145928,248
145928,250
145928,226
107861,123
799,37
15274,985
15274,937
15274,6
218995,123
70916,123
176564,612
176564,1
46669,1082
46669,236
46669,19
46669,46
99479,521
5829,1241
5829,111
5829,1242
5829,1036
6554,782
184372,412
15827,123
32149,123
5687,123
184371,412
4657,368
22472,293
22472,194
119804,626
26118,123
71886,207
63743,707
20761,1169
20761,46
156719,51
156719,342
736,875
32171,123
1449,467
212580,582
192906,123
109,123
57803,123
5042,123
165657,1
22604,57
22604,1243
8553,88
8553,631
140638,910
140638,3
24933,1047
301,946
97939,1
206844,123
206859,225
206859,86
206859,1
5034,51
602,166
209530,123
98122,1244
98122,20
131183,564
170223,0
170223,1
119464,1245
119464,275
119464,544
137480,123
164205,123
1329,110
152851,516
139032,51
139032,1
36596,1246
36596,111
18824,62
18824,970
1711,123
8630,130
8630,131
76203,123
142401,1
142401,25
150014,1
108157,123
4318,1247
7576,123
36480,194
36480,55
36480,574
169366,194
174926,1
29952,109
29952,752
181120,225
181120,1
181120,212
4113,753
223750,1
7338,88
7338,111
221248,123
7483,92
7483,1248
7483,1249
191790,287
191790,3
191790,318
191790,682
93194,905
93194,226
10164,1011
68199,88
94733,1128
94733,1129
94733,1196
160436,705
199182,143
153480,123
27574,1
27574,115
145086,502
6551,33
6551,734
1471,123
28705,1009
28705,368
129710,685
70532,1138
200057,123
9132,217
9132,7
224125,123
134524,1250
53103,92
53103,575
229741,123
549,123
9149,845
9149,1251
165346,1
8320,1019
8320,838
8320,839
8320,1185
35801,123
114991,1
183150,1
9202,123
4991,1066
4201,51
4201,1205
161761,123
16177,109
16177,261
16177,1252
16177,1253
21854,460
136890,293
136890,869
147194,123
160419,173
160419,689
108430,149
108430,1237
170825,1
101796,123
164840,872
164840,263
35865,123
2844,48
230889,123
103469,270
68250,1077
68250,1050
68250,971
37738,51
37738,486
42105,123
7662,1079
56880,123
38858,42
38858,197
188390,123
55911,42
55911,211
9346,51
39210,889
39210,1093
39210,1235
39210,845
39210,544
161620,447
86167,132
86167,1
24935,51
24935,1234
24935,132
24935,328
216070,9
216070,21
216070,22
193265,1254
193265,405
170437,90
99655,1
11967,1255
11967,1256
11967,909
29638,733
146922,1257
10681,1066
6928,1051
12622,123
1901,823
1901,374
1901,631
148975,123
217099,123
176589,51
176589,667
176589,739
91817,52
39045,123
97683,1258
97683,1108
9556,746
105199,123
836,7
836,1259
202942,895
192830,1135
5410,123
218933,51
218933,142
146880,1
1591,171
54221,123
146943,74
42713,734
205078,1049
205078,662
60815,287
37383,1056
25409,86
1014,123
179217,123
2091,123
83068,51
83068,1
8139,734
8139,21
158356,524
7239,51
25537,495
25537,239
9354,1260
66116,118
179661,123
104498,1261
8782,1036
59335,127
27938,657
27938,88
27938,1262
27938,746
142432,123
4292,1263
134626,145
134626,69
134626,161
134626,209
144223,1061
28302,88
28302,100
28302,1113
28302,1264
100473,885
140524,225
150364,1
4289,918
129348,194
129348,852
129348,766
180921,260
194081,130
194081,131
19878,1265
52,637
5991,1266
5991,1183
1257,123
6569,51
263,701
9296,817
9296,1267
12875,1047
12875,944
75441,123
175510,1
4425,123
66986,1202
191038,100
2742,123
152952,123
51195,88
2179,1034
17395,293
177857,1
177857,90
142687,1
142687,1268
5965,838
5965,1079
199908,123
5928,1208
103814,123
151310,92
151310,21
1157,920
161138,92
177844,225
177844,1
37362,123
843,42
129615,969
2443,331
164655,318
164655,1269
210101,123
82610,123
7976,123
180937,123
7975,1270
27823,52
175541,1
175541,50
3133,123
2368,123
7109,1271
7109,838
131393,194
131393,1178
13729,236
3706,585
149869,99
16035,1047
202207,123
140279,383
62226,123
192274,123
153004,123
134637,1
218126,123
93400,885
27451,1272
150580,123
26745,51
26745,888
127432,123
24491,48
24491,486
154857,123
91050,1
24270,1
24270,115
796,1273
20044,21
209289,212
172206,161
172206,114
172206,1
98739,679
98739,111
98739,1
9288,123
146207,123
189056,516
22029,123
5242,88
5242,605
2997,293
2997,1274
38703,48
140163,242
140163,1
140163,553
140163,598
27736,123
144789,23
191071,123
1489,123
24771,123
7114,1154
99132,490
99132,206
99132,164
99132,6
99132,7
24085,62
209166,51
31821,154
31821,168
164448,51
164448,1
164448,502
23931,123
20074,1143
3365,123
86128,123
216234,225
10659,123
31612,123
35706,123
12367,929
18887,1097
18887,6
107638,154
107638,173
1794,270
14017,51
63778,123
150996,1
150996,1149
8976,123
3765,1064
140101,1
7451,123
226588,123
199309,225
199309,1
4862,1275
1518,171
221769,841
37875,621
2135,62
2135,83
236217,123
100172,1
35662,42
1475,51
148759,51
148759,202
10668,1056
17971,1036
213648,549
213648,971
753,123
105023,51
105023,1
105023,688
105023,3
5041,51
5041,852
5041,918
6926,968
6926,35
195484,123
33259,374
33259,1276
76810,123
91739,123
75957,88
75957,605
157521,194
157521,1
163048,1
163048,553
163048,1277
119407,214
119407,447
156737,51
156737,1278
19464,707
13875,636
363,667
363,239
363,701
183264,51
183264,195
8790,1272
8790,51
31443,1279
7718,519
7718,659
1416,123
34152,335
34152,759
186302,123
144468,647
144468,717
15722,439
15722,997
15722,169
102107,1
303,123
40213,121
40213,301
155322,123
81850,123
172207,1
172207,37
5351,6
5351,210
13520,985
170415,902
24996,62
127275,123
174611,225
174611,1
167292,123
18401,1280
18401,753
3340,123
159470,123
153113,1
153113,759
85572,175
85572,205
85572,1069
145609,123
184145,225
184145,1
184145,553
8285,1197
190247,1
29656,194
29656,445
29656,446
29656,111
155119,123
28436,1281
28436,46
3163,130
3163,131
3163,130
3163,577
29026,630
22377,42
201054,123
44614,123
6646,1282
6646,125
218310,613
218310,1283
8208,123
13254,1154
993,301
158915,1
158915,1135
1160,123
24157,1
127438,11
3572,13
3572,7
181370,123
607,51
607,173
607,178
23828,62
23828,1179
55833,667
55833,489
55833,460
55833,246
55833,714
3053,1175
3053,478
3053,896
3053,161
1997,123
7753,51
7753,1183
170951,236
170951,114
170951,1
170951,115
88559,25
169146,51
169146,173
203042,123
62143,659
62143,3
62143,742
71676,892
71676,1284
71676,76
229218,123
1899,109
94255,1
212551,123
194392,194
124356,123
378,51
378,1259
378,746
161995,123
4207,1285
4207,838
4207,839
4287,123
13924,217
20082,42
11385,956
11385,21
111172,123
