game_id,designer_id
174430,0
161936,1
161936,2
182028,3
12333,4
12333,5
167791,6
187645,7
120677,8
120677,9
169786,10
173346,11
173346,12
193738,13
84876,14
115746,15
115746,16
115746,17
102794,18
3076,19
31260,18
96848,3
170216,20
205637,21
205637,22
205059,23
25613,3
209010,24
209010,25
209010,26
209010,27
209010,28
183394,29
183394,10
183394,30
164153,31
164153,7
164153,32
124361,33
164928,34
2651,35
72125,36
175914,37
175914,38
177736,18
121921,39
28720,40
126163,41
126163,42
35677,18
124742,43
124742,44
55690,45
171623,41
171623,42
180263,46
180263,47
178900,3
122515,48
122515,49
68448,11
146508,50
146508,51
18602,52
146021,7
146021,23
12493,53
28143,54
110327,55
110327,56
62219,57
157354,12
93,58
93,59
163412,18
132531,60
132531,54
159675,18
40834,61
201808,62
150376,63
150376,64
103885,65
37111,7
221107,1
221107,2
2511,66
2511,67
2511,68
172386,13
144733,69
144733,70
102680,14
73439,71
73439,72
73439,73
36218,61
42,74
30549,2
220308,8
220308,9
194655,75
125153,76
521,77
104162,78
104162,7
104162,79
104162,80
127023,81
127023,82
155426,83
9609,15
9609,16
9609,17
34635,84
161970,85
216132,86
128882,87
103343,53
175155,88
175155,89
175155,7
155068,90
155068,91
155068,20
155068,92
146652,93
146652,94
147020,95
147020,96
70149,18
123260,83
126042,97
126042,98
126042,99
126042,100
14996,101
43111,20
14105,102
148949,103
17133,104
17133,40
91,105
185343,106
185343,107
185343,108
171131,109
171131,110
198928,111
198928,2
39463,112
39463,113
39463,114
39463,115
39463,80
21050,57
9216,103
77423,21
54043,116
146886,117
146886,118
43015,119
27833,40
176189,120
176189,121
176189,122
4098,40
230802,123
104006,124
104006,125
148228,126
555,58
555,59
555,127
31627,101
128621,10
128621,30
215,128
188,77
196340,129
10630,102
182874,130
182874,41
129437,131
233078,132
233078,7
233078,53
9209,101
172287,133
154203,39
20551,134
31481,3
146439,102
146439,135
101721,136
101721,137
234,138
155821,139
54998,12
54998,140
7854,141
140620,142
22545,104
97207,3
12,74
93260,143
24181,33
59294,7
822,144
38453,3
193037,63
193037,64
25021,145
181304,146
181304,147
19857,148
19857,149
127060,14
118048,150
172818,151
192291,152
48726,153
176494,154
176494,13
27708,155
27708,5
108745,156
155873,35
463,43
82222,157
181279,158
181279,159
181279,80
92828,160
66589,33
17392,161
421,162
54138,33
41114,87
77130,80
3,74
119890,18
760,74
156129,163
163745,89
163745,53
45315,3
1,164
40692,165
59959,166
59959,167
195421,151
163068,106
163068,107
36932,168
176920,12
176920,169
224037,3
224037,170
182631,95
182631,96
15985,171
39856,160
160477,172
198773,3
37046,11
123123,173
123123,174
243,175
161533,76
136888,14
162886,176
25292,177
25292,178
19777,37
19777,38
124708,179
33160,180
33160,181
204583,12
144344,182
144344,183
144344,184
40765,178
200680,18
63628,185
70919,11
2655,186
129622,187
5,188
143693,18
121,112
121,113
121,115
21241,189
170042,190
197376,10
188834,191
188834,192
188834,193
25554,14
172081,194
203993,195
203993,130
203993,41
31594,14
176734,196
176734,197
198994,95
198994,96
54,123
54,58
54625,198
109276,76
71,162
70323,43
139976,199
139976,200
46213,77
105134,1
105134,201
8217,19
9217,84
118,74
2653,202
191189,203
21348,101
24480,204
24480,205
175640,76
199561,206
199561,207
15987,208
15987,80
13122,37
13122,38
157969,209
157969,210
163967,211
79828,40
39683,18
90137,65
209685,212
55670,14
176396,213
128996,214
128996,215
712,171
96913,182
66188,216
66188,217
66188,218
40354,219
25417,102
154809,220
154809,221
183562,222
183562,89
183562,7
183562,65
183562,223
183562,79
144592,224
83330,7
18833,74
18833,20
18833,53
147949,83
147949,225
100901,226
66362,182
150658,2
203420,124
203420,125
182134,227
182134,228
182134,229
5404,74
65781,40
73171,230
136063,2
102652,231
102652,232
102652,233
172,234
192458,39
875,37
875,38
17226,80
27162,235
27162,236
11170,237
11170,1
11170,238
137408,14
146791,239
98778,11
58421,240
58421,195
58421,130
58421,241
58421,242
97786,165
13,243
133038,244
133038,245
133038,246
105551,230
128671,247
128671,248
128671,249
138161,247
138161,248
138161,249
63888,149
36553,250
36553,251
151347,173
151347,174
205359,7
205359,44
206718,252
171668,253
171668,254
166669,19
34219,255
62227,256
42052,76
127398,257
189932,55
189932,56
189932,258
62222,102
90419,101
3685,259
3685,260
161614,261
161614,262
125618,252
158899,263
169255,21
169255,20
50,74
116998,264
116998,265
116998,266
162082,71
141572,194
475,74
43570,35
188920,189
188920,267
95527,220
95527,221
119506,268
27173,123
6472,53
6472,80
133848,10
133848,30
34119,269
34119,270
34119,271
34119,272
163968,273
163968,274
192153,2
192153,275
128271,72
113924,120
113924,121
113924,122
478,169
39351,40
15062,12
15062,276
150,277
9625,40
97842,278
155987,12
155987,279
39938,72
155703,227
155703,228
155703,229
9674,74
3307,134
140603,280
15363,281
15363,282
199042,283
199042,284
199042,285
18,43
192836,286
1513,287
1513,175
1513,288
133473,152
22827,7
22827,53
42776,7
31999,141
192457,289
192457,189
192457,290
2346,141
159508,14
192135,291
192135,292
21790,19
21790,293
134726,294
160010,295
160010,11
160010,296
160010,12
160010,168
160010,140
160010,297
119432,298
181521,31
181521,223
181521,79
20437,299
20437,244
191862,152
27746,58
27746,300
177639,12
177639,169
121288,160
50750,301
50750,302
140934,303
65532,208
206941,69
31730,304
209778,305
158600,306
58281,143
586,307
111341,37
111341,38
121408,129
47,308
18098,309
131357,310
167400,64
143519,311
166384,312
11,18
163166,83
163166,225
135219,15
135219,16
135219,17
24800,313
128780,314
128780,315
128780,316
30869,317
1353,251
151022,318
372,74
36235,319
36235,320
26997,5
26997,321
155624,212
79127,265
79127,322
79127,323
153938,324
183251,103
150997,239
9823,325
199478,326
113997,146
113997,147
4390,144
42215,327
20963,159
20963,80
70512,14
194594,156
144189,328
144189,256
160495,329
160495,330
6249,134
126792,331
12942,332
137988,120
137988,121
137988,122
88,123
88,58
160499,43
28023,333
28023,12
28023,116
15364,334
3201,74
91312,40
148575,265
148575,20
169426,335
30380,204
30380,205
21763,12
21763,140
113294,336
172308,154
172308,13
194607,337
24508,338
10547,1
10547,339
10547,340
10547,244
10547,341
28181,342
28181,57
28181,343
174785,276
162007,344
171,77
2163,198
38996,328
110277,345
68425,346
156009,13
180974,347
180974,348
180974,349
31563,7
31563,53
31563,350
130960,351
82421,143
233371,62
55600,278
37904,352
37904,353
103886,20
168584,187
82420,143
41002,252
180511,354
181530,44
22345,116
156689,131
123540,11
65901,40
204305,67
204305,68
204305,355
47185,20
503,74
117915,356
117915,357
84419,358
46,74
158889,143
43528,204
43528,205
41066,161
219513,152
13004,144
35570,40
218603,359
107529,61
156336,360
73761,361
132028,313
146278,3
139898,362
91872,55
12891,219
144797,363
151004,294
158275,265
158275,20
143741,364
143741,365
30957,164
94,101
131287,366
131287,221
1035,367
100423,208
100423,80
92415,368
29603,369
156943,84
156943,164
528,141
163602,20
27976,237
27976,1
27976,370
27976,238
137269,52
143515,123
143515,58
12962,49
173442,104
26566,371
5782,372
111799,373
111799,256
168435,374
168435,362
2181,375
12002,103
195539,20
155362,140
148319,376
1345,103
117959,103
21882,74
7717,74
7717,144
9440,123
9440,58
69779,377
69789,378
69789,379
12902,144
491,372
483,380
156546,381
156546,382
98351,383
162286,384
162286,385
20100,227
1041,101
1041,386
132018,328
170416,387
170416,388
171499,152
108784,95
108784,378
108784,379
108784,389
52461,390
8125,391
8125,392
119788,235
119788,393
169124,394
169124,395
2955,123
2955,58
156566,156
13642,103
106217,396
2453,397
193558,14
85897,265
85897,398
66356,55
66356,399
145659,400
53953,265
71721,7
29368,239
108906,401
108906,402
72225,76
129948,123
129948,58
40628,403
40628,404
179803,90
179803,91
179803,20
179803,92
240,405
161417,149
161417,406
939,1
939,407
939,238
165722,408
165401,219
165401,409
45986,39
95064,95
95064,378
95064,379
95064,389
202408,410
200147,12
200147,279
177590,326
177590,411
89409,173
89409,174
171273,412
193042,301
193042,302
554,413
169654,414
169654,415
174570,93
174570,94
201921,211
191977,14
72321,416
19600,33
168917,294
212445,171
699,237
147151,394
147151,417
217372,74
8051,338
171669,142
2398,418
45,77
45,102
1301,43
1822,256
67492,135
30645,419
160018,294
131646,420
131646,135
22825,421
22825,7
22825,53
37380,2
904,74
172047,20
8045,40
51,422
122298,423
160851,424
153016,77
173,352
173,353
432,58
38823,313
38823,367
38823,425
26990,426
26990,427
98229,3
104710,196
104710,80
175117,386
141517,40
194879,428
65244,2
16747,429
16747,430
16747,431
60,165
224,432
224,433
224,434
66505,14
156776,435
156776,21
156776,20
179275,406
55427,12
55427,140
154458,301
154458,302
38054,436
38054,437
104363,112
104363,421
104363,113
104363,7
104363,115
104363,53
161866,120
161866,121
161866,122
91514,438
91514,439
72287,12
72287,140
27588,372
213893,12
213893,440
135382,265
135382,441
135382,442
135382,443
135382,444
135382,445
135382,446
170561,447
59946,441
59946,55
59946,448
59946,399
551,102
15817,426
137649,449
15512,169
15512,101
50768,450
50768,451
203427,35
122522,294
2093,77
165838,452
94246,214
94246,215
17405,54
180680,453
97903,11
97903,140
150999,454
41,188
18100,372
154825,455
177678,235
177678,393
171233,456
170771,457
170771,458
203416,124
203416,125
25568,116
104020,459
157403,48
151007,245
151007,244
151007,246
17396,401
173064,460
66056,243
196326,187
5737,243
136991,461
136991,462
204027,18
158435,252
203417,124
203417,125
35497,35
68264,463
23094,464
1634,465
1634,466
142326,151
71671,467
71671,468
183840,13
152162,318
25669,469
164265,470
207691,329
207691,330
185589,151
42910,471
38159,83
27364,52
57390,472
57390,473
57390,474
178336,475
4099,49
200077,476
34084,154
124,477
124,478
327,479
327,480
197070,120
197070,121
197070,122
130176,481
121410,482
121410,349
121410,483
127518,256
127518,484
1608,369
1608,485
8203,486
8203,487
220877,124
220877,125
91536,265
91536,20
187617,488
179172,489
30381,33
37628,490
44163,35
30618,77
230,420
221194,63
221194,491
159473,492
2507,40
1382,74
181687,493
181687,494
121297,495
121297,496
21523,497
21523,40
132372,498
157526,499
39953,21
39953,20
39953,53
221,500
1465,501
183880,502
183880,238
56692,503
131260,504
19100,58
157001,505
157001,129
91873,14
154086,475
153065,123
153065,58
823,74
833,328
191231,40
8989,372
123955,506
60435,507
37836,508
37836,509
855,123
855,58
53093,510
180593,511
527,141
6830,512
6830,513
186751,514
186751,515
198953,314
198953,315
15126,325
154246,14
25643,103
125678,516
125678,517
95103,239
193949,247
193949,248
193949,249
24068,518
17329,519
1261,234
205398,169
143884,520
18258,12
18258,169
40793,12
40793,140
35815,239
164338,521
156091,247
156091,248
156091,249
140933,522
174660,523
25821,524
25821,368
91080,256
75449,119
11825,328
220520,18
191051,525
278,243
13823,526
111124,527
134352,528
134352,529
147303,144
195137,472
195137,473
195137,474
96007,39
105,74
43022,530
12495,433
12495,434
145639,531
119591,14
157809,97
176544,532
176544,336
1159,165
105037,71
105037,72
105037,73
37919,533
104347,204
232043,12
120523,534
120523,535
175199,149
22141,12
22141,140
35052,536
35052,174
12995,230
144041,537
144041,538
207336,539
152470,540
154386,541
42452,542
42452,543
137297,252
177802,294
47055,314
16395,397
102548,482
102548,349
102548,483
75165,544
109125,134
20542,325
16992,545
163154,256
163154,546
159109,547
159109,548
21441,549
9203,550
9203,551
106,318
138649,265
138649,20
143405,360
197443,194
131014,144
29934,552
66,243
103,553
103,554
150312,555
902,338
171879,182
72991,123
72991,58
10,101
10640,53
10640,80
15,112
15,113
15,114
15,115
33604,227
33604,556
112,557
112,558
134253,559
354,560
123499,151
2338,243
156714,561
156714,266
129051,18
177524,562
117985,243
200954,345
39684,18
160610,2
207830,563
176165,564
43443,565
878,102
878,318
160902,265
160902,20
58936,280
152,477
152,478
163413,124
163413,125
1231,566
122294,95
122294,378
122294,379
122294,389
13780,567
492,49
215311,1
215311,568
215311,58
204836,452
3072,569
3072,171
3072,570
19999,332
187377,571
7480,572
16986,573
182340,3
182340,383
176229,574
125548,173
125548,174
194880,575
13884,8
181796,278
681,576
22038,577
22038,578
22038,169
22038,7
184424,579
184424,580
184424,162
1897,243
138431,457
138431,458
196,128
61692,536
61692,174
127024,581
184151,435
184151,582
184151,21
22484,74
1540,583
1540,584
1540,585
16496,14
826,586
101785,587
34194,372
123607,530
9220,588
142992,589
63268,590
63268,591
63268,592
165986,280
30658,40
179572,345
94362,7
24417,593
423,594
41916,595
55697,596
85256,295
6205,597
6205,598
220,74
165872,599
167270,234
106662,35
38862,600
92319,165
9446,74
26,175
26,601
1115,77
166226,119
195162,602
6411,603
40270,21
40270,20
19237,140
134453,11
134453,12
139030,169
218417,203
143986,604
182694,111
83195,605
481,586
131111,530
3284,1
3284,238
21550,397
135779,414
191876,606
3800,156
141423,412
26457,607
26457,608
26457,138
38343,169
38343,276
139771,609
139771,383
2081,485
12761,552
148943,310
197405,299
197405,610
2842,426
146221,0
88827,102
5716,611
67254,612
67254,613
67254,614
67254,615
67254,616
67254,617
67254,618
67254,619
113873,620
73369,39
112138,621
112138,622
22,420
181810,623
142079,624
142079,625
103185,626
103185,36
57925,627
173090,504
1499,628
1499,629
115,188
41933,630
147253,151
730,175
730,631
1403,234
142961,632
142961,633
142961,264
142961,634
142961,265
142961,635
142961,266
142852,636
7805,35
1915,637
394,486
129459,638
71836,360
224597,639
113401,295
175223,454
19622,640
24827,641
184921,43
191300,152
152765,265
42487,74
701,642
701,643
234669,23
6351,644
6351,58
6351,645
172381,124
172381,125
94104,646
146418,196
146418,44
146418,53
149155,452
594,188
37387,40
202670,101
254,628
254,629
2122,43
2122,647
2122,648
24773,48
103092,182
180040,649
180040,447
37907,103
168,650
168,651
21920,240
21920,195
21920,130
21920,241
21920,242
242,270
242,652
242,653
242,654
242,655
242,656
179460,39
90040,234
90040,404
169794,657
82168,658
82168,659
82168,660
82168,661
217449,662
157096,663
131366,151
38863,664
5206,665
144529,189
172220,55
172220,666
148951,211
205716,89
131325,295
38765,453
107255,165
216459,409
70,426
87890,667
87890,39
181524,668
181524,669
181524,670
158900,11
168998,265
168998,20
138233,379
122842,671
122842,672
29937,409
111417,673
31497,542
31497,543
145371,674
145371,675
180899,676
35435,81
35435,677
35435,82
34887,678
104955,33
195544,574
201,134
37358,155
37358,5
143185,294
168609,151
55829,536
55829,174
624,679
3565,680
3565,681
3565,570
172385,123
172385,58
167513,126
113636,183
113636,184
199,19
39339,78
39339,80
14254,277
1662,259
1662,682
1662,683
125752,684
116,294
2393,77
91984,685
91984,686
204,74
159503,687
159503,688
192860,11
3228,123
3228,58
18745,689
36522,690
1887,691
1887,398
1887,692
1887,693
1887,694
1887,266
1887,695
178054,40
136280,124
136280,125
2987,696
2987,697
620,328
71906,698
42124,230
84,351
73,134
3955,699
1829,1
1829,238
21954,40
33451,700
33451,701
33451,702
56931,14
8129,234
38992,72
23679,703
23679,704
38386,124
38386,125
195571,93
195571,94
116954,74
92190,705
92190,706
92190,707
37141,251
40209,369
150145,708
150145,709
122240,239
10093,536
10093,174
10093,244
2808,710
157,650
157,711
157,712
986,713
986,18
119,74
237,714
75476,715
8098,716
8098,717
171726,718
171726,719
155255,314
155255,720
195314,721
195314,255
195314,335
36811,33
221965,722
54361,143
54361,1
54361,201
54361,179
54361,55
54361,238
111105,723
99975,295
149951,506
3931,276
1544,724
9910,550
9910,551
216092,725
216092,552
166857,33
2961,726
438,727
438,728
438,729
438,730
438,731
438,732
63543,421
63543,733
4396,332
194626,734
194626,735
205597,54
28089,736
28089,737
165950,738
1568,237
361,739
494,740
195560,63
195560,495
195560,496
71074,522
175307,187
86246,741
86246,718
38545,742
128442,421
21133,743
915,169
915,276
102435,744
13308,745
24703,237
24703,1
24703,370
24703,238
180852,211
43868,746
43868,295
232,557
232,558
15818,74
24742,747
24742,748
15511,426
168788,548
65564,506
619,486
236191,40
63759,606
63759,58
41749,749
32125,35
201825,750
2065,77
157026,379
171011,54
2397,77
157413,751
32666,752
31105,152
442,753
15953,550
15953,551
25224,754
35503,74
85005,755
141736,129
12477,756
12477,757
12477,758
169611,187
81640,759
196202,548
31552,550
31552,551
234487,34
165948,760
91620,761
118174,762
145189,295
232832,212
89910,208
28259,763
46396,573
2251,764
171662,314
17710,104
17710,536
17710,174
17710,40
179303,96
925,765
925,766
168681,767
168681,768
124172,545
124172,585
19526,243
2570,134
67239,243
15839,309
228341,278
4636,586
85036,278
22348,769
22348,770
6779,771
6779,144
192074,332
123096,772
123096,624
123096,625
27627,421
27627,773
31759,774
31759,775
31759,776
31759,585
169416,245
169416,244
169416,777
169416,246
73316,778
73316,604
227789,123
227789,779
175293,69
175095,780
134157,298
114031,35
39217,57
153064,781
153064,782
66588,227
929,43
903,605
17223,53
232918,783
232918,784
424,594
31624,278
144239,149
22877,785
34707,786
8190,586
118536,133
166571,787
33154,788
33154,789
144826,790
144826,791
144568,780
13551,754
230080,126
16267,426
12166,35
24310,700
24310,701
24310,792
24310,702
40769,372
180592,103
1442,420
128898,793
340,477
340,478
120217,794
75358,795
42673,506
120,243
85325,796
128721,797
128721,719
172996,409
25277,259
25277,260
40760,793
40760,471
5072,77
5781,627
46255,155
46255,5
58110,349
58110,483
12589,74
187653,412
8481,259
8481,260
41010,798
98,536
98,174
35761,557
205317,32
249,799
1032,800
1032,801
118695,802
3353,105
148601,803
148601,804
176083,40
68182,550
68182,169
68182,101
68182,551
113289,805
16772,794
126100,806
126100,807
126100,723
126100,350
118063,61
62220,57
162388,173
162388,174
22143,351
22143,259
9027,101
9027,386
66214,795
66214,304
29223,557
29972,58
29972,808
216091,552
117,809
57660,251
38718,138
54137,810
9215,162
119391,103
143401,811
182189,43
1198,812
1107,234
32412,204
1117,813
191894,814
191894,815
191894,816
191894,817
142121,498
71061,818
133632,40
155969,211
71882,239
195528,118
40393,74
177478,819
4741,820
4741,821
4741,619
36399,822
123219,823
66510,700
66510,701
66510,824
158339,187
158339,825
206051,826
206051,827
206051,828
206051,829
193737,565
112686,441
112686,830
3720,831
127997,74
128667,699
130,650
130,832
11057,607
11057,328
21551,607
21551,328
219215,83
109291,550
109291,833
49,18
157917,834
39927,40
9341,835
9341,836
43152,754
31483,837
176558,524
176558,838
163370,144
40237,839
6901,77
34297,840
11971,605
1234,841
1234,842
1234,843
173101,41
173101,42
143404,360
198487,294
20134,844
20134,845
137330,846
137330,847
472,818
472,848
29839,49
61487,849
398,74
18748,850
123609,530
180771,80
183231,123
183231,58
156858,678
589,196
124052,839
195043,11
195043,555
15510,74
164949,572
164949,851
104581,852
183006,853
183006,854
66171,103
65515,588
233247,89
592,77
98315,746
98315,295
88408,855
77,351
77,259
174078,856
12750,857
30367,858
83734,859
83734,313
83734,860
144864,379
38531,593
163642,861
136056,103
12005,204
181345,109
631,58
41863,536
41863,174
206803,604
72,338
76417,69
76417,70
94480,84
195503,151
146816,123
111732,211
27848,15
27848,16
27848,17
99,452
19764,141
15600,234
195856,20
166286,762
166286,862
153507,35
154182,863
154182,864
152242,83
67185,12
124965,201
124965,55
124965,865
124965,56
83667,40
73070,235
73070,236
198525,866
198525,867
123239,227
54307,187
40529,112
40529,113
40529,114
40529,115
23540,518
38309,40
172503,868
172503,869
172503,136
92044,870
92044,871
92044,55
443,726
443,422
169318,872
36400,309
205610,12
34585,74
65282,873
67928,530
76150,874
19995,433
19995,434
154509,235
154509,167
149776,875
149776,155
384,876
221318,877
158572,878
36648,338
1155,101
1155,386
14,627
9441,74
32674,619
32674,879
230933,14
230933,204
28,665
29073,512
204516,214
204516,880
204516,215
4192,881
4192,198
4192,171
4192,570
174973,882
126996,883
140,884
140,885
140,886
22897,265
22897,441
22897,887
22897,888
122588,201
122588,55
122588,865
122588,56
144415,123
144415,58
151247,61
337,74
139899,889
139899,775
3570,566
128445,890
511,891
511,892
157958,818
157958,893
157958,848
4218,593
175621,95
175621,96
208895,793
2596,894
205046,760
205046,336
466,586
466,422
67180,123
67180,58
78733,895
21632,54
10997,12
10997,169
217085,896
217085,897
125046,898
144553,295
66849,798
128,742
183571,899
15290,641
67888,900
638,102
137423,173
137423,174
137031,901
526,902
526,903
192455,39
1295,904
1295,905
162823,906
22192,237
125,74
150293,907
181797,49
7858,908
7858,138
1563,175
1563,909
102237,361
66587,910
691,134
144270,273
41627,911
8095,3
65907,11
65907,276
132,912
145645,12
145645,140
2569,234
128931,913
81453,35
146312,914
218333,438
218333,439
15318,74
2476,915
17025,74
194690,872
153097,916
153097,917
223855,475
129731,918
205507,48
205507,49
91523,372
715,919
715,920
715,921
715,922
197572,923
197572,77
1219,924
39206,925
4394,243
45748,144
216201,43
198740,187
12350,926
3870,629
20133,598
193214,927
205418,18
2533,606
12692,928
103686,12
103686,276
37371,793
156548,705
156548,706
156548,707
21791,586
198454,929
559,134
40990,930
230085,117
155695,74
217,164
125921,243
11229,931
11229,55
11229,399
11229,888
11229,446
3972,243
6819,77
187680,447
16991,932
16991,933
16991,934
118418,274
36946,169
36946,935
17161,40
531,74
145203,48
145203,74
22532,550
22532,551
59,936
158340,187
158340,825
205158,3
119781,937
38786,938
124969,201
124969,55
124969,865
124969,56
37196,238
229220,760
229220,336
203780,35
32484,96
168274,939
19427,925
348,58
348,59
39188,940
39188,941
154301,942
154301,943
7,944
158109,40
188866,945
156501,314
156501,946
23107,196
112092,947
19348,40
108,141
17240,123
17240,58
798,948
798,949
1044,420
15954,950
31479,573
2529,714
202426,951
20,952
20,953
20,954
140535,481
193308,312
1042,169
156138,955
35488,14
189052,956
320,957
119012,958
234277,18
2603,959
2603,960
2603,961
3085,962
180564,144
1491,963
1491,964
163,965
163,724
103660,889
103660,775
949,422
111148,18
28620,54
38506,204
41429,358
191597,564
129050,40
286,714
286,966
148261,1
148261,967
187273,968
99392,969
191572,403
191572,404
59753,74
124827,970
124827,971
6887,77
153318,972
155463,516
38713,251
8730,973
1423,307
67877,974
90305,276
197831,613
197831,975
197831,976
197831,977
936,159
634,109
382,58
1270,904
1270,978
1270,959
1270,979
25729,980
25729,981
142296,982
173156,552
173156,295
34969,573
145633,378
145633,379
27225,983
27225,984
191972,182
37734,123
37734,58
40832,74
180956,83
180956,225
96152,855
172931,985
172931,986
932,58
192802,987
192802,108
192802,988
42939,239
223,58
811,989
32944,566
153737,40
55952,37
55952,38
244,175
244,990
131835,882
18866,436
18866,437
149241,991
127127,517
127127,992
75212,993
206940,144
23418,994
23418,995
19643,93
19643,996
19643,830
19643,389
19643,94
19643,997
19643,992
19643,998
19643,285
191963,102
118705,605
170587,999
28723,1000
133528,143
133528,64
157789,429
4491,196
256,1001
217780,455
124968,201
124968,55
124968,865
124968,56
207207,1002
190082,166
190082,167
3236,58
10550,1003
70519,1004
5867,1005
5867,101
5867,386
189,243
154906,346
154906,1006
162009,138
15369,704
1334,243
140343,1007
46007,432
46007,433
46007,434
173200,441
173200,830
93724,936
93724,282
176530,889
176530,775
37120,471
1262,237
1262,1
1262,536
1262,174
7865,101
7865,386
126008,201
126008,55
126008,865
126008,56
140717,671
140717,672
23451,1008
2288,1009
2288,171
192945,123
192945,58
32116,19
139033,1010
139033,719
118000,372
27463,451
1194,1011
1194,1012
16366,35
16366,338
788,1013
788,270
788,948
788,271
788,1014
151771,1015
40381,74
21654,557
168679,1016
508,1017
508,1018
162,832
36708,1019
36708,755
16216,586
16216,144
25261,1020
25261,1021
8195,1022
216597,412
75091,119
40770,372
805,1
805,1023
805,238
1484,1024
1484,1025
1484,1026
36888,40
154003,906
770,74
40425,606
28829,506
18460,981
296,1027
8490,1028
143157,12
143157,140
1621,102
632,386
101,58
172547,1029
35505,1030
35505,1031
2612,1032
1037,561
226501,1033
226501,1034
226501,1035
226501,1036
226501,265
226501,441
226501,442
226501,443
226501,444
226501,445
226501,446
35614,1037
8170,1038
3139,58
111,74
156496,1039
156496,1040
27048,1041
1111,1042
883,74
883,1043
4249,1044
172552,1045
172552,1046
206084,360
1589,1047
3421,593
140951,634
140951,265
140951,635
31291,1048
35572,74
80006,1049
23730,1050
5406,101
5406,386
37400,74
17393,607
128554,877
160081,918
132544,1051
98527,1052
169704,63
169704,937
80771,152
71655,194
141090,1053
141090,657
175324,1054
3202,369
184459,1055
218530,1056
16,234
23817,1057
193739,14
123570,1058
129351,361
171890,211
103649,54
145588,793
163474,1059
192934,83
192934,1060
192934,1061
6068,12
6068,169
19841,1062
30241,372
176371,190
178570,252
95105,611
25951,364
25951,365
193621,77
6050,638
39336,35
27356,1063
122,74
2516,465
2516,1064
2516,1065
167698,1066
167698,238
11168,1067
55253,586
109779,1068
23686,1069
189660,548
143175,1070
140125,1071
140125,775
140125,1072
62871,665
18985,95
18985,1073
18985,96
987,1074
102104,513
5620,1075
5622,328
163805,33
3041,1076
96792,898
19301,144
130486,787
205045,760
205045,336
24762,74
714,773
4688,434
168054,1077
168054,1078
147,1079
34615,144
172933,1080
97915,314
166317,1081
217083,141
692,259
692,508
90870,972
84465,1082
520,536
520,174
43307,1083
149809,336
1770,1084
1770,1085
8107,237
8107,1086
11949,1087
147537,1088
147537,1089
147537,1090
147537,1091
147537,1092
147537,1093
147537,1094
147537,1095
147537,1096
136000,1097
136000,1098
212516,49
204472,1099
177939,265
177939,20
433,1100
132428,64
23604,1101
193557,1102
193557,1103
6866,77
181293,1104
181293,1105
100679,746
205494,520
9364,77
130882,295
8124,372
8924,109
36367,1106
36367,1107
38548,35
58,948
58,1108
58,832
18500,1109
18500,1110
3967,569
135281,557
143176,1111
139952,1112
11945,1113
11945,1114
112373,187
3439,1115
3439,931
3439,1116
3439,1117
3439,635
3439,585
14083,640
3267,54
759,175
118610,338
22398,101
22398,386
3409,175
3409,1118
3409,822
5205,665
19854,1047
40831,14
164812,1119
7866,101
7866,386
130877,1120
140519,1121
140519,1122
63091,1123
63091,569
63091,1124
63091,198
63091,171
63091,465
63091,1125
14808,15
14808,16
14808,17
14808,1126
38872,1127
17484,1128
265,234
6613,1129
1265,318
135243,280
85250,169
37301,1130
196526,1131
299,1132
299,1133
299,1134
195372,595
195372,1063
195372,1135
1425,1136
1425,1137
3234,372
287,188
39242,35
117960,124
117960,125
108722,1138
22551,1
22551,1139
177249,1140
94389,360
78954,1141
78954,1142
169464,208
169464,723
35342,1143
35342,1144
35342,1145
153623,1146
827,164
3348,101
2266,1147
17449,74
35285,304
24920,640
223215,412
37231,240
37231,130
125311,12
40398,77
40398,1148
4616,1149
4616,1150
58602,134
83040,1019
83040,755
35350,506
19996,1151
19996,736
206504,303
10788,351
142854,1152
200853,593
162559,452
147930,1153
33107,12
33107,276
20545,1154
204184,1155
108044,61
93538,143
93538,1156
93538,179
93538,238
99875,211
148290,12
148203,1157
4174,926
176565,1158
19679,820
19679,821
19679,619
24037,202
124380,838
141791,611
84772,593
119637,101
163640,346
177354,1159
119866,550
119866,551
169,74
31722,1160
135649,297
56885,524
56885,368
8172,1161
136955,1162
37165,680
169147,1163
175,422
12681,1164
12681,1008
32165,606
206931,124
206931,125
191004,798
122889,1165
41569,1166
117942,372
5942,318
5942,1167
15033,123
15033,58
105593,1168
105593,1169
552,37
552,38
33003,138
168433,110
193560,1170
193560,1171
228660,201
228660,448
179182,1172
1116,1173
41490,506
107190,530
3605,642
154875,620
13883,317
76674,129
44,627
201248,227
114387,317
200454,1174
420,1175
420,1176
420,174
103132,144
155708,211
173105,102
131118,393
185123,378
185123,379
68228,1177
68228,505
56707,134
24070,1178
163930,481
30539,1179
96713,838
422,1180
422,162
2639,1181
2639,1182
2639,1183
3655,243
208773,492
137776,672
161226,295
21641,737
19948,14
105624,436
105624,437
149853,335
129320,1184
203430,35
127095,833
192638,1185
9,58
9,59
25794,870
25794,265
7806,241
464,1186
5795,372
1597,234
150926,54
181761,182
97357,447
10819,1187
1260,886
1260,1188
172155,379
84469,35
635,74
32441,1189
182351,1179
2981,1190
23985,20
79131,74
815,513
4583,77
20609,597
20609,598
139562,1191
4204,1178
129736,605
140863,1192
142402,700
142402,824
142402,1193
24509,1038
65673,279
65673,1194
65673,1195
34320,392
34320,372
156180,495
156180,496
101020,471
79073,1196
32014,1197
1444,607
1444,328
17053,1198
174837,1199
174837,1200
20022,1201
20022,1202
120605,39
74390,1203
2162,569
2162,171
2162,570
2162,466
184522,1204
184522,1205
122891,678
178944,1206
178944,1207
198522,187
178134,1208
4209,644
102148,173
102148,174
25674,1209
25674,1210
1017,35
1645,259
1645,683
200,243
29109,1161
29109,1211
216734,1212
216734,1213
85,1214
85,259
85,683
1758,171
229265,1215
175878,35
155,164
152899,173
152899,174
1293,1216
1293,1003
129122,358
171479,1217
160958,516
380,1218
146910,1219
146910,1220
175360,1221
153,58
142830,1222
138788,1223
189067,1224
189067,1225
189067,1226
189067,1227
34373,1228
21380,1229
115293,500
174614,1230
22278,332
128063,149
139245,1231
42743,1232
68820,369
225818,1233
25234,243
181260,1234
181260,1235
66085,74
9408,426
2238,1076
52328,1089
52328,1094
52328,1096
137397,1236
171835,1237
329,1238
53168,1239
131891,265
20806,441
3553,1240
4370,35
68247,13
56786,813
198190,1241
1430,1242
188314,1243
130390,657
31133,1244
31133,1245
136440,383
21892,308
191301,1246
28025,12
28025,276
39813,469
444,58
2582,77
30356,793
29410,74
155689,1247
34127,101
338,18
155173,1248
31503,58
199383,1249
626,822
68858,873
170199,117
170199,118
149119,678
139992,20
146408,231
146408,1250
146408,1203
31056,16
31056,17
147116,39
152237,299
152237,858
152237,294
25584,250
25584,251
2795,1251
2795,665
25071,1252
25071,665
73863,825
6719,259
6719,508
6719,1253
160559,393
155451,976
155451,977
173047,763
3128,101
214,1254
134520,506
85769,1255
144734,20
144734,80
40214,552
174524,1256
1561,77
4090,1257
167763,1258
10660,1259
437,924
156266,1260
124847,1243
84889,1261
84889,1262
84889,1263
159692,744
35035,980
35035,981
95234,928
40444,1264
145976,358
173294,265
173294,20
29687,1265
29687,598
541,1266
541,1267
123160,1268
257,299
10081,536
10081,174
10081,244
117914,234
117914,404
160418,1129
156442,1269
156442,1270
1585,1178
1585,1271
87821,678
6366,1272
6366,1086
371,318
11265,822
27739,1265
173761,452
38194,187
198609,1273
198609,208
198609,762
3263,908
3263,138
2247,506
154443,12
154443,140
216094,677
216094,552
29773,74
34599,40
38749,243
30804,1274
30662,144
19363,1275
223953,345
223953,108
12632,426
29663,1047
2689,1276
2689,1277
2689,1278
2689,1279
104994,1280
104994,1281
235488,103
173341,77
37208,900
8817,20
205125,101
7349,1257
60131,1282
160968,247
160968,248
160968,249
12346,1283
63170,1284
63170,1285
2652,77
101786,452
267,58
267,808
172546,217
172546,218
30,1286
30,1287
30,1288
135654,718
135654,719
3141,234
206150,214
206150,215
98347,151
218920,234
1213,1289
1213,1290
13293,1291
13293,996
13293,516
13293,94
13293,992
1372,1292
1372,1293
1372,506
80642,436
80642,437
233678,18
102898,154
130792,124
130792,125
8829,1294
4212,1257
19650,754
152757,461
152757,462
154634,1295
96613,1296
96613,1297
96613,1298
29308,74
29308,733
20080,1299
27172,1300
42898,252
42898,1301
2381,77
22287,234
216403,1302
2455,712
1338,40
64826,40
125050,153
232219,359
232219,1303
232219,349
200890,1304
1038,1305
6795,237
152053,1306
183572,265
183572,20
11096,715
227515,123
1666,1307
1666,485
174155,1308
1710,1309
1710,1310
1710,1311
177079,1070
160964,747
160964,748
160964,23
86955,665
222542,1312
33643,74
223049,337
141932,1313
215842,124
215842,125
169274,173
169274,174
9028,1314
202288,74
3154,1315
3154,1316
75789,187
133956,536
133956,174
782,1011
782,1012
215841,124
215841,125
7104,949
135116,907
154173,1317
154173,1318
63632,1319
183284,593
190639,12
190639,1320
38657,1146
12234,1178
5684,1321
141,101
550,243
2290,422
204431,83
204431,225
113927,855
228504,1322
98918,314
180199,484
3452,103
128664,295
130899,299
130899,244
199793,1323
18291,77
142325,414
17804,888
5419,586
5419,372
197320,40
187353,265
187353,20
20079,1324
20079,1118
18289,169
18289,696
18289,244
148532,605
3986,1325
3986,1076
150146,611
38797,1326
38797,1327
178591,1328
25420,252
165662,12
84159,1329
84159,1330
173634,700
173634,824
173634,1193
197065,454
179071,211
3893,1331
176803,1332
91189,1333
91189,1334
91189,1335
22198,74
19,243
181960,1336
215312,1
215312,1337
215312,568
177197,1338
17394,1129
4286,20
4286,53
175549,1056
161547,295
31954,704
15826,1339
127493,680
127493,570
58601,325
124839,291
124839,292
205867,18
182082,144
193840,772
193840,624
193840,625
180198,129
293,605
124668,364
124668,365
19184,1340
6539,352
6539,353
92120,1341
29285,1178
357,74
223040,339
22457,536
22457,174
205907,783
161546,295
140457,1342
196496,506
131449,1343
35669,1178
192834,182
142271,974
6281,134
125993,138
116858,12
116858,140
180020,1344
180020,1345
180020,1346
92666,1347
218311,1348
218311,1349
17651,785
98242,1350
32838,1351
154259,1352
4211,1257
109969,83
202755,498
179820,179
71021,228
71021,229
4529,426
2998,105
6581,1178
6581,1353
32989,643
32989,1354
32989,849
148291,1355
41003,74
65534,772
65534,624
66081,252
66081,1301
67600,369
57163,1356
713,1289
110524,410
1036,134
195867,1357
50381,1358
50381,1359
50381,1360
50381,1361
50381,1362
50381,1363
50381,193
50381,1364
545,1161
545,1365
545,1366
545,1211
12140,1178
9825,513
29259,536
29259,174
1459,1367
1459,1368
1459,1369
32114,74
199904,328
69601,69
69601,70
206915,999
13532,1178
670,1182
179933,423
21287,123
21287,58
24843,3
40531,112
40531,113
40531,114
40531,115
205498,1235
205498,1370
4206,1257
31790,1371
182770,265
182770,20
29581,695
105187,1372
234671,37
234671,2
38032,754
142267,1006
142267,453
159059,1373
177965,1374
7929,1375
7929,441
7929,888
14080,1376
14080,1178
14080,1377
119337,40
1917,1378
5534,299
5534,196
147431,1379
147431,898
65200,746
65200,295
1800,1380
6542,981
943,1381
10383,244
3230,40
113293,1382
756,1383
204574,676
112869,665
193210,12
193210,140
153999,494
153999,1384
200934,1385
68076,313
68076,1386
68076,1387
25823,586
24565,1388
186721,1389
186721,1390
80979,204
80979,205
33665,161
33665,1391
156,58
156,1392
21754,18
22237,209
22237,210
2539,477
2539,478
29602,297
174744,372
2228,1393
2228,607
24878,1394
24878,1395
24878,1396
24878,1397
24878,1398
24878,1399
24878,1400
96704,176
4553,338
4258,643
4258,1401
283,1402
146735,665
146735,285
204837,112
204837,31
204837,115
204837,1403
156373,1404
35248,848
35248,573
20295,1405
61458,1406
69120,296
69120,297
178613,1407
118497,129
2748,1408
2748,1409
18803,1410
1323,1411
1323,1412
17970,870
17970,1413
17970,1414
17970,131
17970,888
68,607
68,138
148205,1415
148205,1416
19947,477
19947,478
173319,187
173319,825
173319,555
2633,77
26055,53
235,607
95,477
95,478
220792,624
200847,169
200847,20
143075,1417
170,1418
66837,857
75448,873
1552,665
137155,606
137155,1419
91034,932
91034,933
91034,934
233676,1420
216632,1421
216632,1422
216632,1423
216632,775
40107,1082
125924,227
804,1424
159492,1425
2932,77
162263,61
131904,1426
130605,835
130605,836
130605,1427
91534,243
1545,1428
1545,1429
1768,1430
1768,1431
1768,1432
15157,234
247,1433
247,101
46807,398
123576,41
123576,42
101865,1434
1830,1278
1830,712
143096,1435
180231,1436
2535,169
392,299
1821,1257
1821,161
170318,345
170318,1437
2389,1438
2389,1439
97803,93
97803,1440
97803,1441
10174,1442
3548,1125
67181,461
67181,462
2604,1443
192947,324
186323,157
4471,169
4471,372
205896,20
200456,1444
200456,379
6663,1445
184491,1446
184491,1447
31545,1161
29256,314
8552,586
859,665
181617,738
181617,1448
180901,1449
33468,1450
171129,109
1209,1451
148271,1452
148271,1453
75547,190
4985,680
4985,1454
4985,570
84464,519
216658,294
6778,243
3464,665
23,1455
23,1456
200171,441
21464,372
115233,1154
142084,1457
149787,1458
149787,1459
149787,80
65225,1460
39328,1178
39328,1461
39328,1462
143484,759
13362,569
13362,1463
13362,171
13362,570
7062,1464
7062,386
110,58
58099,134
171226,1465
118402,216
46158,251
177147,202
177147,772
177147,624
177147,625
12896,1466
14683,607
192547,1467
192547,1468
3475,1469
3475,1470
66424,1471
24,53
3837,1472
3837,1473
6707,104
200924,793
200924,471
159632,1474
25900,1475
136594,1476
2470,843
37696,1477
4214,1257
37728,1478
935,712
935,1479
187687,245
187687,1480
187687,244
187687,777
187687,246
911,1481
911,1076
911,1482
7804,204
4095,665
8147,1483
5336,171
209325,504
209325,627
1679,1484
61484,1485
1431,710
128698,604
27385,664
4047,485
31920,665
1419,1486
3661,642
3661,1018
3661,1487
14188,77
908,1254
35935,1488
35935,1489
34004,1315
34004,1316
403,1490
203102,1491
203102,1492
203102,1493
203102,1494
203102,1495
133285,145
202977,1496
24304,299
24304,244
180602,1497
180602,1498
180602,1499
2165,1500
2165,1501
39832,1502
8166,243
40603,1503
188076,338
192,808
3406,1504
75223,1505
106999,372
171110,255
171110,1506
73538,513
63706,58
3632,74
1493,162
30932,557
30932,902
22245,74
13301,1507
13301,736
23953,77
145012,279
1212,1289
142555,516
231696,1508
364,188
172242,1509
172242,1510
172242,1511
854,586
166158,393
137909,1512
33434,35
193322,1513
193322,1514
47046,227
178892,93
178892,94
19358,1515
176524,291
176524,292
32341,605
1002,128
8207,1516
114438,301
114438,302
4112,1517
4112,1518
164698,35
98085,513
32382,593
8668,1519
8668,566
7935,1520
7935,69
154428,1521
20782,1522
66120,372
10947,1523
146784,239
173441,1524
230303,452
21985,644
18746,785
88513,1525
88513,1526
189848,285
147747,1527
27680,1528
163976,1529
2077,369
159504,1530
159504,1531
22347,43
3413,1532
5651,1182
172971,1533
2876,1534
2876,1535
2876,585
3243,524
21804,77
96026,1536
1717,1393
1717,369
42142,1537
1452,1538
163931,204
179835,299
179835,196
144761,1539
13005,58
42929,1445
225,1540
225,513
23890,1541
313,58
143981,212
6263,101
6263,386
36345,513
5576,1516
229,101
431,134
27165,1542
3312,1182
816,963
816,54
25727,1543
25727,1544
25727,981
42306,550
42306,551
164865,1545
164865,1546
164865,1547
137290,1548
28396,1549
20865,1550
45134,1551
2250,1552
2250,1553
191538,586
99312,832
97273,663
72809,1554
129090,1119
16497,372
38318,83
40276,1555
176361,83
26235,1556
25114,1557
25114,1558
176262,495
176262,496
183896,513
5451,77
172584,1559
172584,1560
172584,1561
172584,1562
172584,1563
34496,1291
34496,378
34496,379
34496,516
34496,1564
34496,992
831,662
122690,1350
36887,40
72667,1565
107704,540
13751,1038
9675,40
181494,1566
129820,1567
174476,1568
203411,124
203411,125
6688,739
160561,672
186701,1569
147623,35
139326,1570
139326,1571
139326,1572
23950,1573
164506,255
3593,1574
3593,948
111502,1350
224316,77
755,307
15889,77
89415,1154
12004,243
10156,710
2363,1575
230383,1576
154905,362
192297,83
192297,35
41052,1282
55601,3
3577,607
27969,640
27969,704
159469,1577
136192,1578
62853,384
192120,1579
147887,1580
153728,1581
207062,788
207062,301
207062,302
3408,785
17851,1582
17851,1583
18243,1584
18243,383
9617,1585
58798,164
58798,144
63167,385
7571,689
42244,754
789,188
63740,336
7479,80
42490,11
42490,169
142,1027
568,77
55834,1586
179245,1587
72420,1588
8229,1027
134711,394
134711,279
3137,128
1350,101
1350,386
146725,1116
146725,1535
146725,1589
146725,585
66855,105
227758,760
227758,336
62225,607
92643,123
92643,58
101682,1590
101682,1591
125048,590
155025,803
155025,804
21373,1047
3828,1592
29294,78
29294,1593
29294,7
29294,733
38984,12
4173,1594
4173,694
8130,144
4854,1257
42328,1595
42328,1596
210290,916
210290,917
195227,492
38931,1597
29387,513
3730,1598
154510,1599
125943,1600
128733,1601
128733,874
65825,40
146130,750
192673,1602
192673,834
64956,101
64956,386
56933,74
2150,1118
155702,265
155702,20
4556,801
28044,1603
2073,1257
31745,1209
31745,1210
222407,1308
20101,1604
20101,9
3895,1534
227072,310
1206,188
3208,74
103339,1605
103339,1178
163920,1606
150783,1607
17104,1608
213492,273
213492,274
4210,161
179719,285
69552,1609
302,58
6541,1610
6714,1472
6714,1473
46782,746
46782,1611
46782,295
11106,570
1705,259
1705,682
1705,1612
1705,683
156840,787
91773,1196
6927,506
41636,74
203828,326
203828,411
700,237
146559,916
28086,74
217398,916
217398,63
217398,917
108831,1613
4079,1614
57998,40
2,1615
8515,1020
8515,1616
8515,122
205057,1617
2129,1618
2129,1619
142063,1620
142063,918
12283,1621
63539,1622
161530,1070
4505,77
639,314
41302,1623
39019,1624
39019,1591
29805,368
171630,196
13855,607
151151,937
122159,928
11269,1625
179448,381
179448,382
5825,372
23685,1626
127312,36
24947,1627
24947,1628
24947,1629
24947,1630
165,1186
173536,1631
912,259
10814,1632
216428,1633
216428,1634
55165,1635
2555,606
181523,901
6203,1178
65568,74
73664,1636
73664,1637
28218,154
55863,296
834,1638
7614,1402
4550,1639
4550,1640
144325,1641
144325,665
13123,77
132758,1642
9963,75
3125,506
3125,561
3125,879
139508,207
139508,1643
5316,569
5316,171
5316,466
12171,1644
159868,1645
3463,665
22420,1646
22420,1647
214396,1648
234477,1649
234477,196
225244,101
181329,1336
135262,452
161297,1385
172881,209
172881,210
3855,1290
3855,585
655,169
655,276
13354,1251
13354,665
33495,251
1143,577
85204,680
5445,1650
870,40
169649,1651
142889,1652
39232,488
6930,785
41239,18
8521,1653
104377,557
230408,452
214293,1
13084,1654
198287,257
200726,1655
59429,1609
222509,1656
144388,1657
114912,1658
114912,54
43320,398
233955,103
208775,504
248,577
248,1659
90041,36
89,1660
10431,171
159406,1661
34227,644
34227,58
34227,645
199493,1170
199493,1171
142262,1268
142262,208
178550,1662
155496,1144
155496,1145
99358,1257
99358,161
99358,1391
99358,1663
4001,1664
4001,171
25294,742
63196,441
165876,611
190400,364
190400,365
153425,243
36482,550
36482,551
28805,680
28805,1665
129556,77
101013,588
129976,20
129976,53
120669,463
13709,105
441,43
1376,372
24568,603
224133,1666
62972,643
62972,1667
62972,463
180325,101
3086,500
6481,1668
6481,1669
126239,165
7843,607
7843,328
686,1670
42111,298
184700,1671
1447,1672
1447,1673
173275,516
173275,1674
173275,1675
217861,555
119632,1676
696,299
191055,1677
173805,1678
173805,1679
173805,1680
173805,1681
123228,925
139131,291
139131,292
8993,1682
8993,1683
8993,642
103091,243
145642,1684
8920,188
339,812
8946,1685
8946,1686
6817,77
136558,58
3518,104
706,1687
706,1688
26447,1689
163056,898
176334,676
23142,53
23142,1690
206156,1185
14634,1540
43264,11
177727,1691
177727,1692
168770,1693
168770,1184
168839,364
168839,365
7742,1394
7742,1694
206490,720
143994,255
84869,372
38877,463
192240,1648
18485,1032
171261,722
171261,289
108344,1695
3097,1696
3097,1673
101929,1697
101929,1698
310,1699
310,1700
310,1701
310,1702
27532,1703
27532,1704
27532,1705
192927,1706
192927,1707
4205,1257
4205,161
22359,1708
22359,1128
152510,516
19989,103
85000,1709
72644,1710
153422,1243
73313,1711
180761,917
76,1712
194923,1713
6955,74
142239,1714
142239,1715
1498,1716
1498,1717
114903,214
215840,124
215840,125
173092,504
173092,627
147707,436
147707,437
97875,1338
56796,1718
1577,1719
1577,1720
136356,1721
38735,123
38735,58
32002,1722
9829,497
9829,40
66193,14
198138,1296
198138,1723
182116,898
3318,102
102610,467
1496,1724
66190,134
56758,593
963,134
160744,1725
114667,1051
145308,1726
368,74
3061,607
3061,328
161926,673
6353,1087
229414,1727
7118,949
321,1728
321,1294
17,299
162107,760
162107,336
194230,516
149361,1082
203204,1066
203204,1155
203204,238
163929,531
123885,1000
88126,251
4424,452
154880,1729
154880,1527
124590,372
872,1299
20078,1532
189350,1730
548,931
176606,39
81250,35
146228,1731
148729,1732
29875,908
29875,1625
4562,372
63758,1733
63758,1734
41474,1019
41474,755
157088,1735
157088,1736
157088,224
144566,1737
222,18
175222,187
175222,825
57073,1738
144567,890
193953,939
86156,1739
86156,1740
300,74
20750,1410
109548,646
132497,1741
206206,80
16804,1325
16804,1742
3487,43
150484,1743
150484,1744
108161,1745
5740,764
25491,134
69130,1292
69130,1746
205885,58
205885,627
223779,1747
1535,1748
1535,1749
42444,1750
42444,588
102,18
137651,1751
123536,910
2079,1752
2079,1753
31506,606
36314,704
217776,1754
131246,34
28284,1755
28284,981
161527,243
37461,1756
83325,1757
199966,235
199966,236
71973,1758
14035,736
100734,146
100734,147
30166,1252
30166,665
180543,173
180543,174
621,1759
4488,74
24770,372
121041,611
7092,1760
30328,1619
138166,1761
138166,1762
208480,416
200785,295
68603,1763
68603,1764
132019,607
186864,1765
126613,1766
126613,1767
126613,1665
140795,187
66126,318
66126,1768
102144,1710
28452,1769
29903,1282
72478,898
182,74
232520,754
7086,1532
35400,1770
35400,981
17027,1228
230305,552
123045,825
145888,516
145888,636
172540,1771
172540,1772
172540,1773
2640,1774
2640,1775
2640,1776
2640,1777
2640,1778
2640,1779
2640,1780
177875,259
1576,714
65936,1178
65936,1781
65936,1461
150298,1657
137095,40
193486,646
4958,1178
711,101
121073,557
259,175
259,1118
27658,680
6209,53
6209,1690
10934,1782
10934,1783
10934,1784
4921,1257
5833,607
5833,328
207016,394
207016,63
207016,395
207016,64
128921,542
128921,543
90009,234
90009,404
179350,1785
33924,1129
1720,1786
1720,1787
177499,247
177499,248
177499,249
163641,678
39932,607
39932,328
97,536
97,174
178044,1788
1678,328
37672,680
163937,452
74,1789
74,1790
539,1791
88594,1792
9735,74
17988,1063
23995,1793
23995,1794
17923,128
184346,1795
10183,1796
129614,74
950,1797
950,1798
27968,704
27968,1799
107148,550
107148,551
11231,1800
11231,1801
110102,34
68260,598
220775,3
436,1802
191177,1803
191177,1804
23053,124
23053,125
1506,607
124622,780
166107,1657
118385,252
118385,1301
66781,1805
21947,607
21947,328
4401,101
4401,386
5767,101
5767,386
6137,372
130295,436
130295,437
29355,1806
137237,1807
1690,299
1690,294
69851,874
135877,299
67919,77
115288,1808
115288,1441
1379,1670
117854,1809
117854,1810
3608,714
651,74
5369,1132
5369,1133
5369,1134
178210,513
4920,1257
37198,1
69278,1811
169341,1600
4753,74
181176,1812
8273,586
196305,498
127784,452
13530,18
173018,1813
748,1814
7514,1815
7514,1816
12194,665
108018,77
13286,299
13286,244
9606,227
231197,1817
231665,35
1445,1818
2375,1819
202,1820
202,1821
72132,208
54735,204
147021,1822
23919,1823
22303,77
141653,173
141653,174
232988,14
232988,1436
4356,1824
147451,40
38821,243
1448,101
4050,710
4050,420
4050,101
5770,1623
85652,1825
85652,1826
85652,1827
85652,1828
85652,1829
85652,1830
163163,401
163163,402
198707,559
16000,162
4974,1688
279,299
132148,1831
13507,1832
88016,1010
88016,719
104573,74
129165,550
129165,551
194523,169
194523,20
110331,1833
139147,1834
22497,900
1413,307
215437,530
82,259
226634,1835
219708,273
219708,274
191982,2
57,1836
57,1837
104,164
215308,1615
215308,1
215308,568
19419,74
189222,1838
189222,1839
189222,1840
59149,3
2579,1682
2579,642
1992,1337
2154,506
194,1841
194,1842
460,1791
2125,1843
194232,516
32424,69
32424,70
6738,1844
94396,1178
173115,1845
173115,1846
173115,1847
88406,488
109764,1848
132326,16
132326,17
8126,471
218050,565
2800,1849
170901,1033
170901,1035
193668,1850
193668,824
193668,1193
126750,1851
126750,605
145975,607
145975,328
167298,1852
5511,642
66982,557
66982,902
145219,1853
1894,607
1894,328
35289,1854
35289,586
67178,557
28739,166
2968,560
2968,808
5452,1178
95613,336
13071,168
149896,1855
149896,1856
181501,471
49276,642
161943,481
10496,383
215613,1857
215613,1858
182120,12
182120,139
85424,1859
172965,1860
192343,525
17835,1861
17835,1118
196306,498
118023,74
10501,1017
10501,1018
10501,1862
8138,119
25574,1863
25574,1864
10641,1625
36325,506
35369,513
194789,883
96260,57
3414,1178
3414,1865
22161,351
103184,1000
34166,1866
4475,35
201455,383
229791,291
229791,292
34659,1867
161578,987
161578,108
161578,988
158544,255
211940,129
21779,1868
126912,1869
146,74
83629,74
3218,1870
3218,420
3218,1182
3218,1871
207753,456
34,1380
34,208
34,199
34,1872
322,234
32901,77
25685,607
237087,452
165877,386
165877,1873
10642,908
10642,1625
122913,102
122913,1874
534,1875
215463,1876
215463,1877
132817,1878
16320,318
3416,1178
3416,1879
149620,325
148083,1880
24416,73
158130,873
145654,874
149097,1881
149097,133
92363,950
92363,1882
54643,101
54643,386
34010,103
201186,1883
1942,35
231999,35
160784,678
160784,673
4984,1076
102181,414
37296,102
3573,1076
165004,1884
165004,1885
217894,208
217894,1886
264,1887
215371,261
215371,262
93971,1888
93971,1140
145014,295
11081,586
160409,1889
160409,1890
1799,1891
1799,561
165477,1892
9021,123
9021,58
13089,128
103651,1893
17997,128
7103,949
3321,606
130552,881
130552,198
130552,171
130552,570
41090,1894
3040,583
3040,1895
3040,1896
146149,1897
207687,1898
1421,1899
1421,1900
1421,1901
1421,949
1421,1902
1421,1903
1421,1904
1421,1905
1421,1290
1125,422
183578,1129
144574,1178
182074,279
191579,265
191579,20
10653,299
10653,1535
10653,244
21930,34
137154,1906
137154,1907
127282,1908
127282,393
38430,1909
130827,1910
1152,1911
67453,1912
79067,1913
79067,763
72800,1635
21358,1914
3095,1451
3095,948
125996,515
111081,519
161757,781
161757,782
10226,1178
10226,1915
213370,1916
175695,129
39383,506
126,1917
151,1918
82955,1919
193483,1920
223770,414
6923,774
6923,775
6923,583
6923,1921
6923,776
6923,1922
6923,1923
6923,585
6923,1896
155460,636
16162,640
16162,1924
176146,1925
161681,721
117838,513
63027,1033
63027,1926
164874,1927
150016,1928
15999,162
121423,453
185709,1929
185709,1930
144743,1931
153497,301
153497,302
1681,1484
1927,665
43,101
163027,211
166776,1932
27266,1534
41762,1644
11274,607
11274,328
9139,74
24396,1933
24396,1934
1708,1935
99630,1936
137238,1008
181440,1937
90,238
42560,1738
21414,1938
137900,861
162865,1939
207208,1940
207208,1941
3992,1942
182619,1943
203270,923
38553,37
38553,38
23981,74
59936,416
133405,1725
54433,1944
54433,1945
10989,1507
937,162
10206,1946
10206,1947
3597,764
147299,1666
178940,1948
93541,41
13172,700
13172,701
13172,702
1315,74
12355,1949
75333,1950
941,35
719,164
26983,1951
26983,1952
26983,1953
26983,1954
26983,1955
26983,1956
2580,1682
2580,642
147716,918
1669,485
2638,105
149910,1937
38429,1957
160044,452
40761,1236
158534,1958
147363,265
147363,20
3495,1375
3495,265
3495,294
169275,173
169275,174
130006,452
1982,101
5297,1076
5297,911
172896,968
194723,1959
194723,1960
117663,1897
5357,1961
118776,1407
67917,1962
12830,391
12830,392
28907,1963
28907,1964
1582,1178
146158,1965
146158,1966
19624,1967
2316,16
2316,17
25775,1968
197072,1969
41658,1970
71593,1971
71593,754
146579,1972
146579,1973
181161,1974
7290,1975
197439,624
63975,455
2063,420
2063,832
30216,105
3534,1075
43578,11
1309,567
121764,1976
8059,383
122943,255
28185,1255
216199,294
13456,878
5680,1257
180591,243
180591,1977
175334,613
175334,449
172062,928
130680,452
27101,1129
87907,684
86177,607
3083,1978
3412,1532
814,513
170225,432
170225,433
170225,434
189192,1979
189192,1980
189192,1981
884,40
129974,570
4453,1598
27117,333
27117,12
27117,116
1203,299
344,74
2583,1032
165595,1982
450,1983
668,1984
1883,607
1883,328
31897,243
393,1702
3586,627
33732,1539
1796,1985
203740,1986
2872,1987
2872,1988
718,175
718,74
33150,1989
33150,1990
19765,1991
17857,1321
109451,1992
67601,369
13403,1178
13403,1915
13403,1354
27965,1993
27965,704
129156,1994
163172,1995
89668,74
1549,77
8719,1076
8719,328
123185,536
123185,174
153639,968
173460,1996
23010,1997
23010,1998
316,1999
31697,2000
6931,2001
5677,2002
23779,299
195237,781
195237,782
207572,138
2448,2003
122890,733
12282,105
250,280
61028,587
102897,289
16373,858
1693,990
12157,2004
12157,2005
12157,2006
43691,2007
923,2008
200834,155
200834,5
110286,1203
1674,714
1674,1238
22485,346
1339,201
1339,500
1339,2009
1339,2010
1339,2011
1339,2012
1339,2013
34639,2014
185196,481
185196,2015
147305,2016
124545,787
15261,606
170300,2017
147999,13
3613,1653
129359,1641
129359,665
30641,455
147370,2018
172969,173
172969,174
98443,2019
26148,2020
227273,522
270,848
270,2021
166202,788
166202,2022
206754,2023
1197,627
10662,1144
10662,1145
4,2024
231280,2025
54507,436
54507,437
188164,2026
127920,2027
56995,874
213266,1295
213266,2025
213266,2028
5455,2029
459,740
64220,283
187104,230
155827,621
379,650
21022,524
36597,973
308,101
112598,2030
112598,61
159575,2031
3383,422
158837,2032
158837,2033
1536,299
2371,188
173504,704
157912,2034
157912,2035
191877,124
191877,125
191877,204
515,2036
3279,1627
3279,320
3279,2037
3279,2038
231664,35
188720,2039
188720,2040
11159,1516
195242,2041
195242,2042
195242,1067
147614,2043
90474,372
766,2044
766,2045
1783,1451
330,198
161108,2046
161108,2047
41833,2048
41833,2049
41833,2050
192401,664
8935,2051
8935,524
192185,209
2667,43
562,2052
562,2053
103368,2054
103368,2055
194286,474
172613,146
172613,147
4324,237
4324,2056
4324,1086
25213,2057
5869,40
200058,363
25008,119
38986,2058
210900,2025
5711,109
173486,2059
71668,1263
100169,2060
4637,2061
697,1186
1668,643
1668,2062
1668,506
144526,606
22677,105
189869,255
16805,1325
16805,1742
133437,565
5243,1614
5243,431
48,2063
1823,162
1631,2064
10527,2065
194196,510
65334,530
181290,2066
181290,2067
13511,2068
20646,69
20646,70
188178,2069
160567,452
426,1310
426,1702
185374,2070
145186,1000
20195,2071
175961,2072
34747,643
34747,1293
34747,911
154600,12
154600,140
104640,209
104640,210
110870,303
12897,1466
31621,332
134150,452
158168,516
164237,134
155042,432
155042,433
155042,434
141067,2073
14860,1143
14860,1144
14860,1145
26946,18
218161,624
192351,2074
171672,2075
13266,607
176435,2076
176435,1853
159143,839
15045,1
15045,1139
2168,2077
32990,643
32990,1354
32990,849
127561,1196
214996,1292
214996,1746
16443,1516
65313,1144
65313,1145
18723,2078
18723,2079
18723,2080
18723,2081
18723,350
228668,80
182094,699
58624,2082
58624,2083
2447,2084
1275,2085
1275,2086
123844,1343
11161,1516
133534,1656
133534,2087
3864,1534
3864,2088
3864,2089
98762,40
111173,1236
124390,2090
2114,2091
187679,923
34169,229
174402,421
174402,7
174402,53
864,1534
864,585
38873,968
623,2092
4493,1512
46323,2093
46323,2094
46323,2095
204675,40
27298,518
5222,2096
128412,18
69136,1968
85105,3
5478,557
82402,35
173649,2097
30024,877
34871,2098
34871,2099
166988,450
166988,451
40935,664
162351,510
2259,2100
174518,2101
207330,234
224821,406
124047,1881
124047,2102
168215,588
191986,2103
3003,2104
4008,2105
4008,2106
25738,1042
52568,604
34334,911
41934,981
3710,1255
193651,34
5985,77
11182,2107
145103,1153
129293,61
193867,2108
8192,2109
4388,74
18932,544
164158,839
171492,1336
150013,463
144492,542
144492,543
32129,533
6508,835
6508,836
85108,2110
30958,2111
9342,936
194100,273
194100,274
36986,2112
36986,981
847,2113
3563,570
166372,2114
152847,956
3119,123
3119,58
3093,592
66613,103
4106,848
4106,573
151275,2115
151275,2116
129945,1555
29678,665
92852,227
2076,328
366,58
184866,2117
15474,2118
15474,39
126000,796
143882,2119
135215,2120
135215,2121
181122,2122
8017,858
40234,123
40234,58
223278,83
104627,2123
33759,2124
176980,2125
163377,129
159141,376
5233,328
40,112
40,113
40,115
5306,2126
29379,2127
144525,230
6202,607
132620,2128
132620,2129
132620,2130
90190,279
90190,1209
9615,2131
178896,1178
2611,2132
2611,2133
142085,432
142085,433
142085,434
99437,1910
458,2134
56320,2135
1644,2136
87,259
87,508
3044,1182
3044,1625
181811,186
38275,641
27766,243
202732,2137
5614,1653
175088,644
175088,58
175088,645
175495,2138
55763,166
125315,149
9804,259
9804,508
37906,1825
37906,2139
37906,1828
37906,1829
37906,1830
37906,2140
57141,1037
151835,504
151835,627
39088,2141
19187,1516
69234,938
62922,1178
12898,2142
12898,2143
12898,1466
1233,2144
63,2145
23348,2146
145601,450
145601,451
171339,2034
171339,2035
40432,77
213149,2147
139443,2148
210663,97
14403,569
14403,570
165556,74
157322,2149
157322,2150
194553,1016
99459,856
170669,2151
820,2152
145,188
1412,74
177490,593
5635,1325
99130,780
5217,726
204605,187
204605,907
25605,1049
216974,74
162041,2153
94373,2127
143782,1621
75828,874
159581,414
159581,2154
8096,593
172560,2155
172560,2156
895,2157
2224,774
2224,775
2224,776
2224,585
55705,74
980,18
66437,345
8325,607
142557,1154
186995,2041
38778,280
13337,77
637,2158
637,2159
153709,2160
747,1442
951,2161
121657,870
121657,871
29140,430
146818,279
40235,898
56128,39
159910,2162
5791,497
5791,196
5791,53
67593,204
53624,911
1520,188
129382,759
311,54
103670,569
103670,1095
126021,2163
34701,74
107635,2164
35964,1203
130911,252
88253,849
26459,2165
2891,1047
173096,326
173096,411
173096,42
195709,381
195709,382
4769,1325
4769,1742
145493,2166
58329,1557
58329,1558
13347,2167
13347,2168
5255,569
5255,570
5255,466
103877,606
221230,883
2960,299
40816,2074
566,102
566,101
131568,2169
131568,2170
5071,77
163175,2171
163175,2172
4255,1257
126242,516
499,2173
499,2174
89342,1051
12055,425
12055,2175
42651,587
2281,2176
21709,54
188188,310
178007,2177
204728,173
204728,174
148231,461
148231,116
150761,1292
150761,1746
1803,2178
1313,1321
35423,2179
3190,2180
36739,74
138963,806
108665,2181
218129,253
218129,254
215471,1131
27817,2182
27817,941
2324,2183
2324,2184
198110,2185
186279,77
2678,369
2678,2186
121409,482
121409,348
121409,349
121409,483
6117,1203
720,54
33767,2187
18794,952
18794,953
18794,954
17526,265
17526,888
170537,2188
171278,941
2379,1367
2379,1368
176817,452
19727,2189
108637,2190
108637,2191
350,560
2759,2192
26156,853
26156,854
212765,2193
193693,486
176596,607
176596,328
153905,2194
6191,422
17465,1143
17465,1144
17465,1145
17465,2195
30483,436
30483,437
17162,2196
136587,2197
4610,2091
172662,2198
20077,822
20077,1309
11104,58
1702,2199
1702,2200
5699,1178
12134,1178
12134,1915
38980,2201
39941,2202
39941,2203
31808,2204
31808,2205
158991,2206
43526,2207
43526,1532
199242,2208
199242,2209
7251,1653
152567,627
22465,470
25695,2210
4368,1178
177702,169
177702,209
177702,210
5686,2211
5686,265
5686,1331
2542,103
163399,743
200551,2212
67199,1796
16933,665
66076,372
181265,2213
125658,449
108377,6
40243,2214
215616,1444
215616,379
213549,2215
213549,136
135796,1292
135796,1746
853,40
38391,605
6226,270
6226,2216
6226,367
11705,506
169530,2217
169530,2218
226254,657
42731,2219
42731,981
4086,1796
167828,54
171356,2220
171356,2221
171356,2222
168700,623
37589,1
37589,2223
31449,186
165404,436
165404,437
4102,2224
145393,890
145205,2225
145205,2226
63395,606
180193,2227
180193,2228
11865,77
35476,2229
35476,1625
6431,1752
160432,907
138104,613
121958,2230
35634,74
22479,2231
27940,15
207338,97
207338,2232
153238,298
30324,140
24511,243
1583,908
1583,1625
38387,74
191438,409
15209,2071
41612,911
228411,326
228411,411
10623,607
490,2233
11886,259
11886,2234
11886,2235
180241,452
4884,138
67148,83
38026,1
169475,2236
5251,886
177697,364
177697,365
8222,2237
178147,2238
118703,401
118703,402
56294,716
56294,717
129204,2239
144988,2120
144988,2121
117995,590
118337,2240
42997,2241
147568,452
6607,665
160908,2242
160908,2243
4014,2244
669,2245
669,2246
2252,1108
2252,832
30878,119
121993,48
64,296
223619,452
76247,2247
225729,522
41875,560
41875,808
217321,1519
39635,416
230089,754
147624,361
196712,926
71272,2248
71272,2249
150485,2250
141419,623
118293,372
4667,259
39332,2251
6657,128
163841,70
99078,2252
139897,623
148531,779
124490,586
158970,2253
8069,238
12488,2254
12488,2255
12488,959
12488,960
12488,2256
12488,2257
38471,2000
10789,77
18946,513
210271,976
210271,977
172073,1822
172225,1509
172225,1510
172225,1511
91666,2258
8316,1653
164354,2259
232361,6
12899,2142
12899,2143
12899,1466
87200,2260
170146,2261
158973,1492
158973,1494
158973,1495
110868,516
152241,83
35438,167
26458,607
26458,328
26458,2262
26458,2263
43365,795
139572,2264
131581,2265
131581,2266
35293,243
75782,1459
169697,2267
18931,2268
18931,2269
12188,2270
40491,123
40491,58
226255,1243
4226,1118
11437,2142
11437,1466
10523,2271
280,74
3339,299
3339,2272
1149,2273
7176,1325
7176,1742
23827,128
12318,593
184919,43
37257,1825
37257,2274
142558,1154
195296,2031
181404,2275
274,1887
7138,2276
76883,1027
157323,1255
189294,1264
185378,173
185378,174
2396,37
2396,38
8066,2277
102690,2278
89695,2102
4522,1512
8887,367
174260,1317
8798,2279
197333,2280
197333,918
43249,49
33077,1087
4643,736
138614,2281
42396,860
204599,739
29411,2282
234621,13
234621,2283
128218,2284
128218,2285
46422,747
46422,748
153991,2286
153991,1996
133747,1102
133747,1103
128204,2287
168537,2288
185021,1049
185380,173
185380,174
8495,1132
8495,1134
33172,432
33172,433
33172,434
5281,2289
183797,295
181254,11
181254,140
174192,475
3595,2290
234396,2291
12567,2175
3177,171
4244,270
4244,2292
4244,2002
204817,2293
204817,2294
190333,2295
29456,619
20889,1325
20889,2296
3711,2297
21436,1321
137872,2298
137872,2299
137872,2300
2072,485
154479,61
65990,627
83197,74
33785,1325
11582,77
574,2301
1202,1911
199780,2302
199780,2303
2254,2304
2254,2305
67693,467
3836,2306
3836,561
14258,2307
1509,77
216864,787
29017,109
473,216
154892,513
23928,607
2464,1451
92644,324
68188,1004
15167,74
38805,822
192334,279
192334,1194
192334,1195
18400,1797
155495,2308
174182,452
128938,152
213953,386
213953,1873
231819,109
231819,110
23917,1087
205185,1051
79282,2309
165563,2310
229632,2311
170202,495
170202,496
201308,43
909,2312
17991,2313
62814,430
39939,2314
39939,2315
76207,1763
76207,1764
20266,2316
2422,2100
2422,2161
7453,1178
7453,1271
1463,299
1463,2317
142556,1154
4275,485
154125,252
154125,1301
185381,173
185381,174
103061,2318
225163,123
225163,58
210,557
66125,11
66125,140
352,1818
94731,2319
94731,2050
94731,2320
277,74
114684,2321
65272,140
65272,2322
2536,586
2536,169
3110,405
33155,2323
188991,2324
188991,2325
4346,2326
4346,2327
4346,2328
160903,1963
160903,1964
131332,2329
131332,2330
129010,2331
18747,607
88871,2332
88871,1625
661,101
85800,2333
1533,2334
118410,2335
4485,128
4485,2336
1525,259
210052,2217
210052,2218
289,850
869,169
96,536
96,174
3226,1716
156007,2337
156007,2338
476,2339
11122,2340
191543,1613
31853,1186
158392,1706
158392,1707
112192,2341
86415,1957
312,35
95386,955
91010,2342
144632,2343
142503,225
8284,642
172507,74
174093,2344
10682,12
159209,234
1358,2345
1358,2346
4454,1598
230059,212
226522,124
226522,125
233961,211
1072,2347
163354,453
135508,1263
15410,101
15410,386
7844,2348
7844,1257
158742,453
216578,836
216578,1427
216578,2349
20228,2350
176,299
14039,2351
16362,1519
66665,2352
26138,230
74102,204
828,2353
828,2354
91671,2355
161965,823
6767,2356
6767,2357
6767,2358
165748,1261
165748,1262
165748,1263
2860,2359
147104,2360
42448,406
840,2361
840,2362
40550,2363
40550,2256
217362,326
217362,411
231666,35
99808,2364
99808,2365
38364,1927
145475,16
145475,17
224894,698
112381,102
205308,2366
205308,2367
67,2368
6642,2369
168232,2370
168232,2371
162591,1656
156175,2372
507,1818
7719,80
137744,2373
137744,2374
106753,2375
106753,1912
40258,1653
175254,244
175254,245
175254,1480
175254,777
175254,2376
175254,246
156786,2377
78,351
182218,112
182218,2378
182218,174
182218,113
182218,115
191387,2379
27306,144
2853,2380
2853,2381
2853,2382
210232,2383
210232,2384
160012,2385
6495,2386
87120,2387
41100,1265
154939,1121
158982,1017
158982,1018
144728,516
144728,830
4613,70
7824,452
145501,1974
142924,593
17536,2314
150294,2388
841,234
2211,2389
128011,2390
169215,2391
169215,2059
5394,2392
5394,2314
33911,588
22864,2393
29383,1178
29383,2394
29383,2395
1695,2396
36424,1083
4200,1178
4200,1271
137,2397
137,2134
137,2398
4642,1716
135,372
4928,2223
104805,519
4839,1076
359,74
7215,2399
72285,298
131241,2400
2919,832
159446,471
1070,2401
2574,2402
11432,2403
11432,2404
2268,918
113,560
181325,1519
1472,812
18057,128
102835,169
230791,296
12131,2405
172362,2406
230342,1656
58886,2407
183959,2408
6861,607
158812,1600
22948,665
211716,720
14054,1541
9386,513
154895,2409
218208,101
99097,516
99219,2410
99219,2411
181867,1893
181867,627
1098,2412
12248,2413
12248,2414
121615,2308
24410,2278
8812,1178
8812,1915
37739,798
147206,2415
147206,2416
12764,2417
164159,839
427,2418
793,2419
793,2420
440,1027
66798,74
17922,128
57759,409
144479,2421
151251,2422
5941,2423
5941,2424
199047,2373
199047,2374
203719,2425
147768,77
2938,2426
8957,776
8957,585
55679,2427
55679,2428
55679,2429
158100,1897
156096,805
2794,386
197455,2430
197455,274
166109,2431
135888,2432
174893,2433
1380,2434
5171,2435
11733,77
137406,111
14007,607
14007,328
2610,372
376,204
3692,714
235512,811
128137,2436
23935,2437
5772,2438
206471,2439
206471,2440
93819,692
10908,74
191998,421
191998,187
191998,825
104575,46
104575,47
2665,1076
210040,928
867,593
7263,77
36,1047
127981,2441
192656,2442
5504,2443
5504,714
6627,1658
2613,2444
5393,74
31575,2445
31575,2446
84834,1377
25314,188
710,832
36297,2082
199881,2302
199881,2447
205831,2155
163097,1178
163097,2448
18115,2449
18115,1796
5476,607
2471,2450
2471,2451
17863,2452
162114,2453
31542,2454
31542,1134
31542,2455
1713,2456
1713,2457
174802,2458
174802,2459
174802,2460
67361,2461
67361,2462
173804,2463
171037,109
171544,586
94483,469
13016,642
122691,2464
103235,409
988,1519
988,566
13728,506
229427,452
82272,69
145722,2465
35599,189
35599,39
199357,2466
140612,74
158237,105
178209,513
2944,1897
2090,1178
2090,1799
3242,74
164027,1326
164027,1327
35477,607
35477,1915
82424,1299
6752,104
193213,2467
154804,516
203655,295
171136,109
158564,2468
64897,352
64897,353
8003,171
8003,2469
8003,2470
8003,570
154902,2471
131121,2472
146035,172
129380,1153
1835,1042
1835,2473
208766,2474
4831,77
1371,714
217949,204
181328,1336
8711,2475
2520,774
2520,775
2520,2476
2520,776
2520,585
2520,2477
102681,1243
193238,1178
193238,1461
1965,832
10559,512
120447,299
120447,2478
131232,2479
7218,1321
192735,154
192735,13
23263,1
128537,279
128537,1194
128537,1195
67285,968
193485,565
199076,613
199076,2480
199076,618
199076,619
159355,2481
10679,1915
10679,2482
4228,105
147883,187
147883,825
147883,555
1302,2483
1302,2484
40941,588
7634,1682
7634,642
9962,665
27490,461
27490,462
173759,2485
127188,593
147171,2486
147171,2487
31554,2488
37184,441
37184,2489
156976,453
128425,452
2298,908
2298,1625
123129,406
145599,452
122599,2490
122599,1007
143680,855
62030,1834
751,1100
94331,488
404,422
41033,105
142197,2491
142197,368
1566,112
1566,113
5698,1796
17030,128
536,2492
73650,471
1831,1277
1831,1278
1831,2493
608,1541
233956,144
17533,2494
17533,2495
18606,2496
18606,2358
113567,2497
13597,77
1814,43
10964,1178
10964,1879
4288,1255
148767,2498
176963,2499
176963,2422
18975,2500
18975,2501
17654,2502
172994,243
29198,441
15235,1246
15235,570
162152,54
46362,700
46362,701
178153,2503
178153,1352
164031,665
76436,2504
1782,2505
223602,151
4085,2506
136245,109
136245,2507
34098,2508
182260,1185
192508,495
192508,496
7755,1118
179259,2509
152846,2510
129946,2511
8939,128
180179,1338
3852,904
3852,2256
3852,2512
3852,2513
3852,979
12071,2073
1633,2514
1633,909
133835,2515
155636,449
193212,2
12141,1178
12141,1915
11436,2516
39345,2517
39345,2518
40483,2519
40483,2520
125493,2521
125493,2522
3341,2523
94365,2524
1145,2525
1145,2526
166569,211
2780,77
112991,665
67309,2261
197269,676
1519,2527
137500,2528
137500,2221
6253,1257
6253,1076
6253,1482
25182,429
166418,2529
166418,1192
159515,1268
138317,20
147240,243
4980,2530
201920,12
201920,140
214296,2531
198611,2532
198611,2533
166280,1633
10707,665
66080,2534
160853,299
6251,2535
6251,1942
170041,2536
170041,2537
218580,664
28037,1049
34829,74
162315,2538
79068,2539
175989,488
174298,1796
134,332
156482,2540
156482,2541
138105,613
111069,2542
3411,1178
3411,1879
65814,2160
66608,2543
151456,452
131261,452
119899,255
209664,2544
40370,586
230498,1348
230498,1349
138338,1083
4532,2545
144150,2546
197178,839
145424,2096
186767,2193
13230,1147
2838,2547
22378,105
190232,328
77011,2548
2353,2549
62214,2550
230315,2551
30057,1658
129091,1119
10904,2552
38904,1502
127839,2553
2904,1742
158886,780
141735,129
155802,1209
155802,1210
61269,196
187289,2554
41837,2555
41837,2556
60029,2557
21469,2558
2301,931
2301,2011
2301,2013
178302,57
21704,35
217475,504
217475,627
144382,678
12533,2559
108783,11
108783,12
166859,2205
206805,2560
140997,968
23757,2561
23757,2562
37441,793
2543,2563
183447,2564
1253,18
11202,105
8232,2565
97094,689
205079,2566
27802,243
3679,1254
18781,506
40759,204
2123,2567
170909,668
145928,273
145928,1940
107861,672
799,2568
799,2569
15274,2570
218995,455
70916,11
176564,916
176564,917
46669,1868
99479,604
5829,1682
6554,12
184372,779
15827,2571
32149,2572
5687,265
5687,1331
184371,779
4657,2573
22472,2574
119804,712
26118,2575
26118,2576
71886,604
63743,1101
20761,853
20761,854
156719,2577
736,2361
736,2362
32171,2578
1449,2579
212580,173
212580,174
192906,898
109,277
57803,488
5042,328
165657,310
22604,1408
22604,1409
8553,1407
140638,516
24933,77
301,1326
301,1327
97939,2580
206844,2581
206859,2582
5034,2583
5034,2584
5034,1402
602,2585
602,2586
209530,2238
98122,124
98122,125
131183,550
131183,551
170223,2587
119464,519
119464,2588
137480,737
164205,2589
1329,1186
152851,331
139032,2590
36596,973
18824,2591
18824,2592
1711,1182
8630,2593
8630,171
76203,187
76203,825
142401,1302
150014,2594
150014,2595
108157,2596
4318,37
4318,2597
4318,2598
4318,38
7576,386
36480,2599
169366,2239
174926,451
29952,2600
181120,2601
4113,2602
223750,1617
223750,194
7338,726
221248,381
221248,382
7483,74
191790,911
93194,1527
10164,2603
68199,2604
94733,2319
94733,2050
94733,2320
160436,129
160436,187
160436,825
199182,102
153480,906
27574,2605
145086,2606
6551,774
6551,775
6551,1117
6551,2607
6551,2089
6551,585
1471,175
1471,953
28705,1582
28705,1583
129710,787
70532,2127
200057,273
200057,1940
9132,2608
224125,967
224125,1051
134524,2609
53103,49
229741,2610
549,2611
549,2612
9149,1519
165346,2613
8320,2506
35801,1319
114991,2614
114991,2615
114991,311
183150,495
183150,496
9202,58
9202,808
4991,1789
4991,1790
4201,1178
4201,2395
161761,2616
16177,2617
21854,103
21854,2618
136890,2619
147194,452
160419,452
108430,2550
170825,416
101796,763
164840,452
35865,109
2844,54
230889,2620
230889,2621
230889,2622
103469,452
68250,642
37738,58
37738,2623
42105,2624
42105,2625
7662,367
56880,234
38858,1282
188390,1652
55911,144
9346,2074
39210,519
39210,2626
161620,2564
86167,1554
24935,2519
216070,16
216070,166
216070,17
193265,13
170437,2627
99655,2628
11967,1796
29638,1519
146922,2629
10681,1789
10681,1790
6928,1625
12622,2630
12622,2631
1901,1047
148975,2632
217099,2633
176589,2250
91817,2634
39045,296
97683,1985
9556,77
105199,2635
836,1985
836,40
202942,1178
192830,839
5410,2636
5410,2224
218933,452
146880,2637
1591,2045
54221,2638
146943,1357
42713,2437
42713,2639
42713,323
42713,585
205078,16
205078,17
60815,171
60815,570
60815,2640
37383,1325
37383,2641
25409,234
1014,540
1014,558
179217,283
2091,2642
2091,2643
2091,2644
83068,1203
8139,2645
8139,1693
158356,2646
7239,607
25537,109
9354,627
66116,103
179661,2647
104498,2648
104498,2649
104498,2650
8782,642
59335,2651
27938,2652
142432,279
4292,2653
134626,586
144223,2654
28302,77
100473,129
140524,2655
140524,2656
140524,2657
150364,2546
4289,1255
129348,2658
129348,598
180921,2406
194081,452
19878,1049
52,570
52,1065
5991,2659
1257,299
1257,2660
6569,835
6569,836
263,606
9296,1064
12875,1989
12875,1990
75441,2661
175510,646
4425,2662
66986,1121
191038,1299
2742,714
152952,516
51195,2341
2179,2663
17395,1689
177857,834
142687,2664
5965,2292
199908,889
199908,775
5928,2403
103814,2665
151310,74
1157,299
161138,2666
161138,12
177844,2667
37362,74
843,1178
129615,1336
2443,876
164655,2338
210101,2668
82610,2669
7976,754
180937,576
7975,607
27823,2607
175541,2670
3133,299
2368,1411
2368,2412
7109,1076
131393,2239
13729,216
3706,141
149869,498
16035,1989
16035,1990
202207,1496
140279,2169
140279,2170
62226,1255
192274,190
153004,48
134637,2671
218126,2672
93400,298
27451,2673
27451,2674
27451,2675
150580,2676
150580,2677
26745,2678
127432,461
24491,2679
24491,2680
154857,1122
91050,1725
24270,2681
796,2682
796,2683
20044,77
209289,2684
172206,347
98739,2528
98739,2221
98739,2685
9288,2686
9288,2687
9288,2688
146207,2689
146207,2690
189056,2691
22029,2629
22029,2692
5242,2693
5242,2694
2997,1136
38703,2695
140163,530
27736,2696
144789,2697
191071,2698
1489,299
1489,2478
24771,34
7114,2699
7114,1128
99132,2661
24085,2700
24085,2701
24085,2695
209166,234
209166,404
31821,2702
164448,706
164448,2645
164448,707
23931,1944
20074,2109
3365,68
86128,2703
216234,2704
10659,763
31612,209
31612,210
35706,2634
35706,2705
12367,2706
12367,1289
18887,1942
107638,187
1794,296
1794,591
1794,2707
1794,1997
14017,243
63778,930
150996,2120
150996,2121
8976,2708
8976,2709
8976,2084
3765,2710
3765,2711
140101,2441
7451,2712
226588,2713
199309,2714
199309,2715
4862,1042
1518,77
1518,188
221769,2716
221769,314
221769,2717
37875,2718
2135,2719
2135,888
236217,999
100172,2720
35662,911
1475,2721
148759,2722
148759,2723
10668,1325
17971,1682
213648,328
753,909
105023,506
5041,1255
6926,2724
6926,2725
6926,2726
6926,558
195484,2727
33259,2728
33259,2729
33259,2730
33259,2731
33259,2732
33259,2733
33259,2734
33259,2735
33259,2736
33259,2737
33259,2738
76810,1127
91739,2182
91739,941
75957,2739
157521,259
157521,2574
163048,530
119407,1467
156737,80
19464,2740
13875,679
363,74
183264,738
8790,2673
8790,2674
8790,2675
8790,2741
8790,2742
31443,328
31443,1796
7718,1824
1416,586
34152,2743
34152,617
34152,618
34152,2744
34152,619
186302,605
144468,716
144468,717
15722,77
102107,2745
102107,2746
102107,2747
303,2623
40213,1888
40213,1140
155322,2511
81850,2748
172207,299
172207,244
5351,2106
13520,2142
13520,2143
13520,1466
170415,734
170415,735
24996,83
127275,236
174611,1496
167292,2749
18401,2750
3340,2751
3340,2183
159470,2752
159470,1235
159470,2753
153113,2754
85572,1796
145609,2604
184145,530
8285,642
190247,2755
190247,2756
29656,259
155119,2757
155119,2758
28436,606
3163,171
29026,2759
29026,665
29026,2760
22377,608
201054,2761
201054,2762
44614,926
6646,2763
6646,2764
6646,2765
6646,2766
6646,2767
218310,623
8208,2768
13254,1325
13254,1742
993,1326
993,1327
158915,839
1160,2412
24157,2769
24157,2770
127438,124
127438,125
3572,1076
181370,2613
607,2771
23828,259
55833,605
3053,1796
1997,2772
7753,105
170951,2773
88559,1763
169146,819
203042,1348
62143,1737
71676,513
229218,243
229218,1977
1899,2774
94255,2775
94255,2776
94255,2777
94255,2778
212551,504
194392,2239
124356,2779
378,40
161995,2780
4207,2781
4287,2084
13924,162
20082,1557
20082,1558
11385,77
111172,2782
