game_id,category_id
1,0
2,1
3,2
4,3
5,4
6,5
7,6
8,7
9,8
10,9
11,10
12,11
13,12
13,9
13,5
14,13
15,14
16,15
16,3
16,4
17,16
17,14
17,12
17,8
17,9
17,2
17,15
17,8
17,9
17,3
17,4
17,14
17,15
18,17
18,7
19,18
19,8
20,19
21,20
22,21
22,15
22,0
22,20
22,2
22,3
22,4
23,22
23,15
23,12
24,23
24,9
24,2
25,24
25,18
25,9
25,24
25,23
25,9
25,24
25,0
25,1
25,2
25,3
25,2
25,3
25,4
26,25
26,0
26,7
27,26
27,2
28,27
28,22
28,0
28,1
28,2
28,3
28,27
28,4
29,28
30,29
30,8
30,9
30,2
30,3
30,4
31,30
31,9
31,24
31,0
31,3
31,4
31,16
31,14
31,12
31,17
31,9
32,31
32,21
33,32
34,33
34,9
34,13
34,8
34,3
34,14
35,34
35,12
35,9
35,13
35,9
35,13
35,21
35,29
35,0
35,1
35,3
35,22
35,9
35,13
36,35
36,17
36,8
36,9
36,24
36,25
36,18
36,9
36,13
36,31
37,36
37,7
37,26
37,14
37,0
37,2
37,27
38,37
38,4
38,25
38,20
38,9
38,21
38,33
38,0
38,7
38,1
38,27
38,14
38,7
39,38
40,39
41,40
42,41
42,18
42,9
42,31
43,42
43,15
43,17
43,7
43,18
43,8
43,0
43,37
43,14
43,18
43,9
43,21
43,0
43,2
43,3
43,27
43,22
43,8
44,43
44,11
44,14
44,34
44,12
44,7
44,8
44,9
44,14
44,34
44,18
44,2
44,23
44,5
45,44
46,45
46,2
46,25
46,42
47,46
47,29
47,8
47,20
47,9
47,14
47,34
47,9
47,24
47,13
47,7
47,21
47,0
47,2
47,36
47,38
47,27
48,47
49,48
49,36
49,26
49,4
49,16
49,14
49,12
49,36
49,38
49,16
49,11
49,14
49,34
49,40
49,5
49,1
49,6
49,38
49,28
49,22
50,49
50,40
50,9
50,13
51,50
51,17
51,11
51,20
51,9
51,21
51,7
51,21
51,46
51,17
51,8
51,15
51,6
51,8
51,9
51,14
51,15
51,46
51,17
51,25
51,9
52,51
52,0
52,1
52,2
52,3
52,4
52,17
52,3
52,4
52,25
52,49
52,0
52,20
52,2
52,4
52,22
52,15
52,12
52,20
52,44
52,38
52,2
52,9
52,36
52,7
52,38
52,2
52,21
52,43
52,39
52,40
52,36
52,2
52,43
52,22
52,11
52,12
52,36
52,3
52,4
52,14
52,12
52,0
52,2
52,3
52,4
52,7
52,3
52,27
52,16
52,14
52,7
52,3
52,14
52,18
52,9
52,13
52,21
52,32
52,15
52,18
52,9
52,7
52,8
52,9
52,50
52,33
52,2
52,3
52,27
52,25
52,12
52,17
52,12
52,9
52,50
52,35
52,30
52,12
53,52
53,9
53,14
53,38
53,3
53,31
54,53
54,6
54,36
54,43
54,14
54,34
54,12
55,54
55,9
55,24
55,31
55,42
55,0
55,7
55,26
55,2
55,22
55,23
55,7
55,9
55,24
55,42
55,9
55,50
55,35
55,0
55,2
55,3
55,27
55,21
55,4
55,47
55,9
55,50
55,35
55,46
55,24
55,21
55,7
55,9
55,42
55,18
55,42
55,50
55,35
55,33
55,9
55,24
55,7
55,46
55,9
55,4
55,12
55,54
55,9
55,7
56,55
56,8
56,9
56,43
56,11
56,14
56,34
56,12
56,50
56,33
56,0
56,20
56,2
56,3
56,21
56,25
56,17
56,7
56,18
56,8
56,9
56,21
56,15
57,56
57,53
57,14
57,34
57,35
57,20
57,2
57,4
57,12
57,7
57,2
57,3
57,17
57,11
57,12
57,17
57,7
57,4
57,25
57,17
57,18
57,8
57,3
57,4
57,25
57,31
57,46
57,19
58,57
58,8
58,1
58,42
58,30
58,23
58,2
58,56
58,17
58,25
58,7
58,2
58,3
58,9
58,31
58,11
58,0
58,2
58,3
58,12
58,18
58,21
58,15
59,58
59,53
59,14
59,34
59,36
59,38
59,27
59,37
59,14
59,47
60,59
60,42
60,12
60,38
60,28
60,39
60,17
60,7
60,18
60,9
60,20
60,45
60,7
60,0
61,60
61,18
61,9
61,1
61,2
61,24
61,43
61,7
61,39
61,20
61,14
61,9
61,15
61,11
61,7
61,20
61,2
61,9
61,13
61,7
61,26
61,2
61,3
61,0
61,1
61,3
61,4
61,14
61,34
61,35
61,0
61,38
61,3
61,27
61,22
61,7
61,56
61,39
61,9
61,1
61,31
61,42
61,43
61,11
61,32
61,42
61,12
61,9
61,50
61,35
61,9
61,3
61,31
61,11
61,36
61,38
61,43
61,39
61,14
61,40
61,18
61,8
61,1
61,43
61,30
61,46
61,21
61,23
61,24
61,17
61,7
61,38
61,36
61,38
61,28
61,39
61,40
61,26
61,3
61,4
61,16
61,14
61,12
61,9
61,2
61,3
61,56
61,9
61,43
61,11
61,2
61,3
61,15
61,36
61,38
61,28
61,49
61,0
61,1
62,61
62,27
62,0
62,2
62,3
62,4
62,14
62,38
62,41
62,7
62,14
62,26
63,62
63,2
63,3
63,4
64,63
64,7
64,56
64,39
64,46
64,17
64,38
65,64
65,39
65,40
65,2
65,3
65,27
65,25
65,7
65,3
65,12
65,54
65,18
65,9
65,11
65,7
65,18
65,20
65,9
65,42
66,65
66,5
66,2
66,3
66,25
66,42
66,15
66,0
66,31
67,66
67,35
67,9
67,13
67,35
67,0
67,1
67,2
67,3
67,4
67,1
67,31
67,42
67,18
67,21
67,15
67,65
67,9
67,17
67,18
67,8
67,9
67,1
67,21
67,15
67,23
67,9
67,24
67,48
67,9
67,3
67,13
67,43
67,54
67,23
67,5
67,24
67,15
67,46
67,23
67,7
67,38
67,42
67,9
67,18
67,9
67,21
67,36
67,3
67,43
67,22
67,11
67,14
67,3
67,14
67,21
67,31
67,18
67,9
67,21
67,36
67,7
67,38
67,56
67,39
67,11
68,67
68,54
68,9
68,42
68,1
69,68
69,40
69,42
69,9
69,21
69,8
69,20
69,9
69,5
69,13
69,7
69,2
69,3
69,1
69,15
69,3
69,4
69,14
69,12
69,9
69,13
69,17
69,8
69,9
69,43
69,20
69,3
69,16
69,14
69,2
69,3
69,27
69,4
69,56
69,39
69,53
69,20
69,14
69,12
69,7
69,18
69,9
69,65
69,7
69,9
69,7
69,9
69,0
69,23
69,36
69,31
69,7
69,2
69,14
69,50
69,35
69,33
69,9
69,21
69,22
69,32
69,9
69,13
69,20
69,29
69,0
69,2
69,3
69,27
69,22
69,18
69,8
69,9
69,5
69,21
69,36
69,7
69,56
69,21
69,43
69,22
69,39
69,20
69,14
69,34
69,65
70,69
70,7
70,15
70,12
70,9
70,24
70,7
70,2
70,3
70,63
70,7
70,9
70,21
70,20
70,31
70,18
70,5
70,65
70,69
71,70
72,71
72,12
72,2
72,3
72,4
72,63
72,12
72,21
72,42
72,65
72,43
72,11
72,12
72,2
72,21
72,4
72,12
72,9
72,13
72,48
72,26
72,4
72,16
72,14
72,12
72,9
72,0
72,1
72,2
72,3
72,27
72,4
72,28
72,29
72,0
72,36
72,38
72,2
72,16
72,22
72,36
72,7
72,38
72,27
72,39
72,0
72,18
72,9
72,24
72,20
72,5
72,6
72,38
72,29
72,53
72,23
72,7
72,71
72,5
72,3
72,44
72,17
72,9
72,18
72,9
72,0
72,36
72,3
72,4
72,14
72,40
72,47
72,0
72,2
72,14
72,7
72,55
72,3
72,7
72,9
72,7
72,18
72,9
72,14
72,18
72,8
72,9
72,13
72,35
72,0
72,1
72,2
72,3
72,4
72,18
72,20
72,2
72,21
72,0
72,2
72,3
72,4
72,14
72,31
72,42
72,0
72,19
72,1
72,3
72,27
72,4
72,7
72,38
72,64
72,17
72,24
72,2
72,3
72,15
72,43
72,0
72,7
72,2
72,3
72,8
72,9
72,1
72,31
72,43
72,42
72,17
72,3
72,4
72,16
72,43
72,16
72,14
72,34
72,33
72,7
72,8
72,56
72,16
72,39
72,7
72,53
72,26
72,20
72,3
72,16
72,14
72,2
72,7
72,52
72,7
72,18
72,9
72,7
72,21
72,32
72,10
72,11
72,12
72,9
72,13
72,0
72,2
72,3
72,29
72,2
73,72
73,12
73,48
73,9
73,21
73,12
73,9
73,7
73,66
73,19
73,3
73,50
73,7
73,26
73,2
73,3
73,21
73,43
73,22
73,7
73,1
73,7
73,2
73,8
73,25
73,7
73,67
73,41
73,36
73,11
73,7
73,3
73,22
73,66
73,0
73,1
73,37
73,30
73,20
73,9
73,24
73,31
74,73
74,9
74,71
74,11
74,9
74,21
74,31
74,15
74,36
74,2
74,43
74,22
74,11
74,12
74,14
74,0
74,45
74,60
74,1
74,2
74,33
74,17
74,7
74,25
74,27
74,25
74,18
74,5
74,14
74,15
74,27
74,4
74,47
74,36
74,7
74,18
74,2
74,21
74,9
74,13
74,0
74,38
74,2
74,21
74,25
75,74
75,57
75,63
75,65
75,8
75,3
75,11
75,15
75,7
75,9
75,56
75,7
75,25
75,14
75,19
75,18
75,9
75,23
75,7
75,5
75,44
75,67
75,46
75,9
75,42
75,15
75,36
75,1
75,31
75,66
75,42
75,1
75,3
75,14
75,12
75,7
75,16
75,22
75,68
75,4
75,57
75,14
75,8
75,17
75,43
75,11
75,12
75,7
75,8
75,3
75,4
75,14
75,34
75,15
75,30
75,12
75,3
75,4
75,14
75,30
75,46
75,3
75,4
75,14
75,12
75,46
75,31
75,14
75,0
75,20
75,2
75,12
75,42
75,35
75,7
75,2
75,27
75,56
75,66
75,44
75,14
75,40
75,0
75,2
75,3
75,4
75,22
75,50
75,0
75,7
75,2
75,18
75,20
75,9
75,17
75,17
75,43
75,23
75,3
75,14
75,7
75,56
75,39
75,18
75,9
75,2
75,7
75,0
75,2
75,3
75,4
75,50
75,9
75,49
75,50
75,35
75,1
75,2
75,56
75,68
75,39
75,53
75,7
75,21
75,7
75,2
75,3
75,7
75,12
75,54
75,8
75,9
75,13
75,35
75,7
75,15
75,50
75,18
75,9
75,43
75,72
75,12
75,36
75,7
75,38
75,39
75,11
75,7
75,20
75,2
75,3
75,20
75,3
75,14
75,34
75,36
75,38
75,56
75,39
75,40
75,7
75,24
75,43
75,36
75,7
75,38
75,27
75,39
75,0
75,2
75,3
75,4
75,22
75,12
75,12
75,54
75,7
75,59
75,9
75,11
75,49
75,12
75,17
75,1
75,33
75,56
75,39
75,7
75,14
75,63
75,7
75,38
75,46
75,21
75,11
75,38
75,3
75,4
75,14
75,40
75,3
75,4
75,16
75,14
75,34
75,23
75,20
75,57
75,29
75,0
75,19
75,20
75,1
75,27
75,4
75,12
75,54
75,7
75,57
75,63
75,38
75,28
75,44
75,0
75,1
75,0
75,38
75,3
75,27
75,22
75,2
75,32
75,17
75,20
75,2
75,10
75,11
76,75
76,12
76,17
76,7
76,45
76,18
76,21
76,23
76,5
76,24
76,7
76,27
76,4
76,47
76,46
76,21
76,20
76,3
76,16
76,14
76,31
76,66
76,57
76,35
76,9
76,0
76,36
76,38
76,2
76,16
76,22
76,18
76,2
76,22
76,26
76,55
76,20
76,3
76,20
76,2
76,9
76,24
76,38
76,28
76,0
76,20
76,58
76,1
76,53
76,7
76,2
76,7
76,2
76,18
76,15
76,0
76,1
76,27
76,4
76,12
76,54
76,17
76,8
76,9
76,25
76,12
76,57
76,14
76,46
76,3
76,4
76,14
76,65
76,70
76,12
76,7
76,18
76,14
76,7
76,8
76,14
76,34
76,7
76,31
76,66
76,2
76,29
76,0
76,1
76,2
76,22
76,9
76,43
76,11
76,15
76,12
76,54
76,7
76,2
76,3
76,14
76,9
76,13
76,31
76,57
76,63
76,7
76,26
76,16
76,14
76,7
76,38
76,7
76,2
76,3
76,31
76,42
76,42
76,0
76,1
76,2
76,20
76,9
76,7
76,55
76,33
76,9
76,13
76,35
76,38
76,28
76,22
76,49
76,29
76,40
76,7
76,26
76,2
76,3
76,25
76,46
76,23
76,45
76,21
76,36
76,14
76,34
76,12
76,42
76,7
76,2
76,3
76,9
76,21
76,22
76,32
76,43
77,76
77,11
77,32
77,42
77,12
77,23
77,29
77,17
77,9
77,13
77,46
77,9
77,5
77,21
77,15
77,7
77,1
77,2
77,1
77,63
77,12
77,54
77,46
77,7
77,2
77,3
77,9
77,13
77,0
77,1
77,2
77,3
77,4
77,22
77,65
77,12
77,2
77,11
77,7
77,2
77,27
77,56
77,25
77,66
77,44
77,14
77,40
77,47
77,26
77,55
77,20
77,3
77,19
77,36
77,38
77,20
77,3
77,39
77,17
77,11
77,9
77,50
77,9
77,31
77,35
77,12
77,54
77,0
77,7
77,20
77,2
77,3
77,27
77,22
77,36
77,7
77,12
77,54
77,65
77,7
77,18
77,9
77,46
77,20
77,58
77,4
77,53
77,14
77,30
77,0
77,2
77,3
77,4
77,14
77,18
77,9
77,13
77,14
77,13
77,35
77,23
77,5
77,15
77,8
77,1
77,42
77,19
77,18
77,9
77,23
77,7
77,9
77,10
77,11
77,12
77,18
77,43
77,7
77,7
77,9
77,9
78,77
78,16
78,36
78,3
78,56
78,77
78,43
78,39
78,36
78,38
78,28
78,43
78,42
78,20
78,18
78,2
78,18
78,21
78,18
78,17
78,8
78,9
78,3
78,15
78,7
78,2
78,18
78,21
78,21
78,15
78,36
78,43
78,11
78,49
78,12
78,7
78,56
78,37
78,39
78,67
78,7
78,8
78,14
78,34
78,14
78,30
78,36
78,39
79,78
79,21
79,11
79,11
79,12
79,54
79,0
79,2
79,9
79,24
79,15
79,7
79,2
79,65
79,7
79,9
79,24
79,43
79,8
79,1
79,3
79,51
79,19
79,3
79,46
79,18
79,15
79,2
79,65
79,7
79,11
79,61
79,46
79,15
79,17
79,25
79,7
79,2
79,0
79,1
79,2
79,4
79,24
79,7
79,2
79,3
79,7
79,3
79,14
79,3
79,27
79,4
79,47
79,57
79,63
79,9
79,5
79,13
79,18
79,9
79,21
79,9
79,24
79,0
79,2
79,3
79,4
79,8
79,21
79,12
79,7
80,79
80,3
80,4
80,16
80,14
80,12
80,51
80,11
80,2
80,3
80,21
80,7
80,2
80,3
80,4
80,14
80,30
80,61
80,36
80,10
80,11
80,12
80,7
80,3
80,67
80,20
80,53
80,51
80,39
80,18
80,8
80,42
80,15
80,20
80,1
80,31
80,39
80,7
80,16
80,14
80,0
80,20
80,2
80,30
80,7
80,9
80,16
80,17
80,8
80,3
80,31
80,15
80,23
80,7
80,2
80,56
80,2
80,3
80,4
80,63
80,0
80,1
80,2
80,3
80,4
80,38
80,39
80,57
80,17
80,18
80,15
80,19
80,20
80,7
80,36
80,20
80,16
80,39
80,7
80,26
80,14
80,65
80,69
80,12
80,2
80,3
80,21
80,22
80,12
80,43
80,11
80,15
80,7
80,2
80,56
80,25
80,14
80,47
80,9
80,1
80,14
80,34
80,35
80,12
80,54
80,17
80,18
80,8
80,20
80,16
80,2
80,3
80,27
80,4
80,9
80,43
80,42
80,46
80,68
80,29
80,53
80,7
80,71
80,61
80,39
80,57
80,63
80,7
80,12
80,54
80,9
80,13
80,31
80,35
80,39
80,53
80,2
80,3
80,0
80,48
80,7
80,2
80,27
80,28
80,22
80,11
80,40
80,47
80,36
80,7
80,38
80,14
80,0
80,7
80,2
80,51
80,20
80,39
80,17
80,8
80,15
80,17
80,8
80,21
80,42
80,12
80,9
80,7
80,26
80,3
80,7
80,20
80,2
80,21
80,30
80,38
80,28
80,8
80,1
80,23
80,57
80,63
80,3
80,43
80,11
80,14
80,27
80,4
80,47
80,51
81,80
81,36
81,38
81,28
81,49
81,23
81,25
81,0
81,7
81,2
81,14
81,7
81,20
81,2
81,0
81,1
81,2
81,3
81,27
81,4
81,73
81,12
81,31
81,66
81,35
81,3
81,27
81,4
81,14
81,0
81,36
81,1
81,3
81,21
81,11
81,23
81,7
81,7
81,2
81,56
81,66
81,14
81,47
81,46
81,3
81,4
81,14
81,71
81,12
81,9
81,50
81,57
81,63
81,35
81,51
81,27
81,17
81,7
81,32
81,20
81,17
81,15
81,9
81,13
81,20
81,42
81,7
81,2
81,0
81,20
81,2
81,3
81,4
81,38
81,53
81,18
81,9
81,31
81,31
81,66
81,35
81,7
81,2
81,3
81,66
81,72
81,12
81,14
81,34
81,7
81,18
81,21
81,15
81,7
81,38
81,21
81,15
81,51
81,2
81,53
81,24
81,29
81,46
81,42
81,12
81,38
81,23
81,71
81,78
81,12
81,54
81,9
81,14
81,0
81,2
81,8
81,1
81,25
81,15
81,25
81,7
81,9
81,21
81,7
81,46
81,55
81,38
81,64
81,28
81,50
81,31
81,17
81,18
81,8
81,36
81,7
81,38
81,27
81,28
81,43
81,39
81,7
81,18
81,9
81,21
81,51
81,0
81,2
81,3
81,49
81,18
81,21
81,7
81,9
81,13
81,36
81,7
81,2
81,44
81,51
81,23
82,81
82,16
82,53
82,0
82,1
82,2
82,3
82,4
82,23
83,82
83,57
83,18
83,20
83,53
83,14
83,10
83,12
83,1
83,3
83,12
83,54
83,46
83,23
83,20
83,9
83,15
83,20
83,2
83,3
83,0
83,1
83,31
83,22
83,14
83,33
83,12
83,7
83,18
83,9
83,67
83,18
83,9
83,7
83,9
83,13
83,56
83,39
83,9
83,1
83,14
83,34
83,35
83,20
83,9
83,12
83,54
83,72
83,11
83,23
83,57
83,63
83,9
83,7
83,31
83,0
83,1
83,2
83,3
83,7
83,21
83,36
83,7
83,18
83,8
83,2
83,43
83,7
83,26
83,2
83,3
83,21
83,43
83,22
83,59
83,12
83,7
83,20
83,16
83,14
83,12
83,7
83,22
83,20
83,23
83,9
83,24
83,15
83,7
83,15
83,50
83,18
83,9
83,21
83,19
83,9
83,15
83,7
83,0
83,2
83,22
83,73
83,12
83,15
83,35
83,9
83,21
83,31
83,35
83,48
83,10
83,12
83,57
83,63
83,17
83,59
83,12
83,18
83,12
83,54
83,9
83,27
83,37
83,46
83,46
83,38
83,29
83,17
83,7
83,20
83,62
83,4
83,25
83,12
83,42
83,12
83,54
83,23
83,18
83,7
83,55
83,0
83,7
83,4
83,8
83,1
83,16
83,43
83,14
83,34
83,15
83,12
83,0
83,36
83,7
83,38
83,27
83,39
83,51
84,83
84,46
84,18
84,36
84,7
84,18
84,2
84,21
84,7
84,18
84,20
84,14
84,34
84,19
84,20
84,0
84,3
84,27
84,28
84,8
84,15
84,77
84,16
84,43
84,15
84,20
84,18
84,36
84,38
84,27
84,28
84,39
84,10
84,11
84,12
84,9
84,42
84,31
84,12
84,54
84,9
84,2
84,24
84,14
84,7
84,18
84,15
84,7
84,2
84,36
84,38
84,20
84,16
84,67
84,14
84,34
84,40
84,36
84,7
84,38
84,43
84,39
84,67
84,40
84,9
84,31
84,51
84,0
84,2
84,3
84,7
84,18
84,9
84,14
84,7
84,2
84,25
84,36
84,7
84,2
84,3
84,30
84,21
84,31
85,84
85,11
85,42
85,8
85,20
85,9
85,13
85,23
85,44
85,14
85,7
85,18
85,9
85,21
85,51
85,18
85,8
85,3
85,14
85,34
85,9
85,18
85,21
85,15
85,77
85,43
85,7
85,17
85,12
85,54
85,0
85,1
85,2
85,3
85,68
85,36
85,18
85,8
85,9
85,43
85,11
85,15
85,7
85,18
85,15
85,21
85,43
85,11
85,15
85,21
85,23
85,21
85,17
85,7
85,7
85,2
85,27
85,56
85,21
85,25
85,14
85,40
85,47
85,9
85,13
85,14
85,34
85,46
85,15
85,51
85,1
85,2
85,3
85,56
85,21
85,9
85,42
85,15
85,12
85,54
85,46
85,2
85,17
85,12
85,7
85,27
85,14
85,1
85,48
85,7
85,12
85,52
85,7
85,28
85,26
85,55
85,20
85,23
85,7
85,5
85,2
85,36
85,38
85,79
85,40
85,18
85,21
85,17
85,21
85,11
85,2
85,3
85,36
85,7
85,2
85,3
85,7
85,3
85,31
85,66
85,9
85,13
85,2
85,21
85,2
85,33
85,20
85,1
85,3
85,27
85,4
85,14
85,30
85,36
85,43
85,14
85,56
85,39
85,36
85,7
85,21
85,43
85,7
85,20
85,7
85,7
85,18
85,8
85,9
85,2
85,7
85,1
85,14
85,34
85,19
85,7
85,18
85,2
85,27
85,9
85,13
85,51
85,83
85,16
85,43
85,14
85,7
85,18
85,24
85,9
85,16
85,14
85,7
85,2
85,3
85,53
85,23
85,7
85,2
85,2
85,3
85,21
85,19
85,7
85,26
85,20
85,2
85,3
85,59
85,21
85,11
85,12
85,7
86,85
86,18
86,9
86,51
86,39
86,7
86,2
86,21
86,11
86,45
86,36
86,2
86,21
86,57
86,58
86,29
86,53
86,3
86,4
86,14
86,12
86,17
86,7
86,2
86,56
86,21
86,25
86,30
86,17
86,11
86,15
86,12
86,29
86,53
86,16
86,14
86,34
86,17
86,7
86,8
86,7
86,2
86,3
86,30
86,7
86,9
86,2
86,7
86,9
86,46
86,21
86,43
86,11
86,12
86,17
86,8
86,9
86,43
86,1
86,43
86,14
86,34
86,3
86,4
86,14
86,43
86,11
86,9
86,3
86,12
86,54
86,36
86,38
86,1
86,27
86,68
86,43
86,14
86,7
86,26
86,2
86,46
86,3
86,4
86,14
86,12
86,17
86,7
86,20
86,66
86,57
86,20
86,12
86,54
86,23
86,7
86,2
86,30
86,36
86,7
86,1
86,2
86,39
86,7
86,57
86,14
87,86
87,39
87,53
87,63
87,61
87,17
87,8
87,18
87,20
87,21
87,7
87,2
87,13
87,29
87,53
87,9
87,50
88,87
88,68
88,64
88,56
88,43
88,7
88,71
88,78
88,12
88,54
88,7
88,70
88,11
88,12
88,46
88,18
88,23
88,9
88,44
88,35
88,17
88,8
88,3
88,25
88,15
88,7
88,2
88,3
88,8
88,9
88,21
88,42
88,36
88,7
88,21
88,6
88,30
88,46
88,15
88,7
88,26
88,2
88,27
88,22
88,36
88,7
88,3
88,56
88,77
88,43
88,39
88,22
88,15
88,36
88,21
88,39
88,7
88,2
88,14
88,7
88,20
88,56
88,36
88,38
88,28
88,22
88,51
89,88
89,46
89,21
89,15
89,7
89,2
89,3
89,30
89,3
89,4
89,16
89,14
89,46
89,15
89,36
89,38
89,39
89,21
89,42
89,9
89,21
89,11
89,1
89,2
89,3
89,31
89,66
89,17
89,12
89,8
89,14
89,34
89,48
89,4
89,16
89,14
89,73
89,59
89,49
89,12
89,36
89,21
89,36
89,7
89,38
89,43
89,11
89,46
89,50
89,35
89,0
89,9
89,2
89,13
89,21
89,73
89,59
89,12
89,48
89,7
89,2
89,4
89,12
89,12
89,54
89,7
89,18
89,9
89,14
89,26
89,2
89,3
89,4
89,0
89,1
89,2
89,46
89,7
89,20
89,3
89,39
89,53
89,14
89,34
89,19
89,24
89,36
89,7
89,7
89,79
89,12
89,54
89,43
89,36
89,7
89,3
89,17
89,8
89,2
89,12
89,54
89,7
89,7
89,2
89,14
89,7
89,55
89,27
89,57
89,0
89,7
89,26
89,1
89,2
89,3
89,22
89,46
89,0
89,2
89,3
89,14
89,12
89,7
89,1
89,2
89,68
89,7
89,26
89,20
89,2
89,3
89,4
89,7
89,71
89,78
89,17
89,7
89,25
89,32
89,12
89,54
89,17
89,7
89,9
89,23
89,21
89,15
89,7
89,7
89,2
89,0
89,1
89,73
89,12
89,2
89,51
90,89
90,18
90,20
90,17
90,7
90,2
90,25
90,20
90,2
90,12
90,7
90,66
90,7
90,38
90,50
90,35
90,50
90,33
90,9
90,72
90,43
90,11
90,12
90,7
90,26
90,3
90,27
90,11
90,50
90,35
90,18
90,7
90,18
90,2
90,9
90,13
90,9
90,50
90,35
90,42
90,36
90,56
90,77
90,43
90,11
90,12
90,2
90,3
90,21
90,17
90,5
90,24
90,27
90,39
90,14
90,46
90,79
90,29
90,8
90,15
90,9
90,3
90,14
90,12
90,3
90,14
90,0
90,1
90,2
90,4
90,36
90,8
90,2
90,3
90,21
90,67
90,36
90,4
90,43
90,14
90,7
90,71
90,78
90,18
90,9
90,13
90,44
90,14
90,0
90,7
90,1
90,18
90,9
90,13
90,0
90,20
90,2
90,4
90,23
90,2
90,3
90,26
90,55
90,20
90,3
90,7
90,2
90,8
90,3
90,14
90,34
90,12
90,11
90,35
90,19
90,17
90,8
90,9
90,22
90,15
90,9
90,17
90,36
90,38
90,11
90,17
90,8
90,3
90,31
90,15
90,7
90,27
90,46
90,21
90,11
90,7
90,2
90,27
90,56
90,25
90,0
90,7
90,9
90,1
90,20
90,9
90,3
90,12
90,54
90,46
90,68
90,1
90,2
90,3
90,27
90,4
90,17
90,18
90,46
90,21
90,15
90,9
90,21
90,18
90,28
90,14
90,51
90,57
90,72
90,12
90,57
90,63
90,7
90,56
90,72
90,46
90,18
90,50
90,3
90,14
90,23
90,1
90,31
90,46
90,17
90,72
90,12
90,7
90,26
90,2
90,3
90,21
90,27
90,28
90,22
90,11
90,40
90,47
90,46
90,53
90,0
90,3
90,31
90,66
90,65
90,70
90,12
90,0
90,43
90,0
90,1
90,2
90,3
90,68
90,12
90,54
90,7
90,19
90,36
90,7
90,38
90,3
90,14
90,12
90,17
90,3
90,11
90,7
90,2
90,56
90,21
90,39
90,17
90,7
90,20
90,7
90,65
90,21
90,12
90,18
90,21
90,7
90,16
90,14
90,46
90,0
90,1
90,2
90,3
90,4
90,58
90,56
90,39
90,48
90,12
90,54
90,7
90,66
90,3
90,27
90,4
90,47
90,9
90,12
90,54
90,12
90,54
90,9
90,50
90,35
90,17
90,7
90,18
90,46
90,2
90,21
90,65
90,69
90,70
90,72
90,31
90,66
90,49
90,12
90,8
90,1
90,51
90,7
90,39
90,53
90,3
90,4
90,53
90,14
90,7
90,9
90,43
90,11
90,40
90,46
90,36
90,8
90,9
90,32
90,23
90,7
90,2
90,0
90,2
90,3
90,4
90,14
90,0
90,1
90,40
90,7
90,71
90,78
90,7
90,10
90,17
90,8
90,9
90,36
90,39
90,41
90,48
90,7
90,12
90,52
90,7
90,1
90,85
90,29
90,53
90,17
90,8
90,3
90,31
90,15
90,46
90,36
90,38
90,40
90,38
90,33
90,4
90,14
90,23
90,7
90,25
90,57
90,80
90,53
90,7
90,14
91,90
91,64
91,23
91,7
91,56
91,4
91,14
91,23
91,57
91,17
91,57
91,4
91,1
91,57
91,7
91,38
91,9
91,46
91,0
91,1
91,14
91,34
91,60
91,3
91,4
91,14
91,38
91,21
91,28
91,32
91,69
91,19
91,12
91,31
91,55
91,3
91,4
91,19
91,36
91,13
91,0
91,17
91,1
91,4
91,9
91,31
91,42
91,23
91,20
91,36
91,7
91,10
91,11
91,40
91,46
91,21
91,15
91,2
91,4
91,31
91,66
91,48
91,10
91,12
91,7
91,7
91,18
91,9
91,24
91,9
91,43
91,50
91,35
91,23
91,36
91,7
91,7
91,2
91,46
91,7
91,2
91,20
91,46
91,20
91,18
91,9
91,13
91,43
91,15
91,0
91,17
91,7
91,1
91,57
91,63
91,48
91,7
91,12
91,52
91,9
91,21
91,35
91,17
91,20
91,36
91,7
91,38
91,77
91,9
91,1
91,31
91,42
91,9
91,13
91,77
91,43
91,35
91,7
91,38
91,18
91,9
91,11
91,42
91,20
91,2
91,56
91,4
91,31
91,66
91,47
91,48
91,7
91,12
91,52
91,61
91,61
91,71
91,42
91,71
91,13
91,43
91,7
91,71
91,78
91,7
91,9
91,3
91,27
91,4
91,47
91,0
91,7
91,2
91,3
91,56
91,29
91,53
91,63
91,7
91,9
91,44
91,17
91,3
91,11
91,15
91,12
91,7
91,36
91,38
91,27
91,28
91,43
91,39
91,38
91,28
91,22
91,49
91,46
91,31
91,9
91,15
91,7
91,31
91,35
91,8
91,43
91,72
91,12
91,34
91,46
91,36
91,38
91,44
91,18
91,8
91,9
91,5
91,56
91,39
91,17
91,18
91,32
91,23
91,7
91,25
91,57
91,51
91,29
91,53
91,14
91,34
91,0
91,1
91,2
91,3
91,3
91,4
91,14
91,12
91,0
91,7
91,2
91,3
91,9
91,1
91,21
91,9
91,24
91,13
91,7
91,50
91,35
91,27
91,47
91,21
91,7
91,11
91,12
91,54
91,36
91,7
91,38
91,39
91,40
92,91
92,39
92,78
92,7
92,21
92,51
92,0
92,2
92,3
92,30
92,0
92,1
92,30
92,9
92,50
92,21
92,36
92,7
92,9
92,3
92,14
92,34
93,92
93,75
93,12
93,54
93,17
93,46
93,15
93,33
93,36
93,38
93,28
93,43
93,18
93,50
93,35
93,15
93,3
93,53
93,47
93,27
93,47
93,36
93,7
93,31
93,43
93,66
93,7
93,21
93,50
93,9
93,13
93,7
93,2
93,56
93,21
93,39
93,2
93,21
93,35
93,0
93,9
93,31
93,12
93,54
93,9
93,42
93,23
93,7
93,27
93,43
93,47
93,9
93,50
93,72
93,12
93,36
93,9
93,71
93,9
93,13
93,11
93,21
93,11
93,59
93,21
93,12
93,17
93,20
93,51
93,36
93,7
93,43
93,7
93,71
93,11
93,23
93,39
93,57
93,7
93,77
93,7
93,20
93,40
93,45
93,21
93,12
94,93
94,9
94,12
94,54
94,17
94,3
94,30
94,31
94,43
94,48
94,12
94,54
94,51
94,39
94,66
94,12
94,54
94,57
94,35
94,12
94,54
94,3
94,47
94,0
94,1
94,43
94,7
94,56
94,39
94,27
94,43
94,47
94,38
94,27
94,28
94,22
94,7
94,1
94,14
94,40
94,18
94,9
94,7
94,3
94,67
94,12
94,54
94,23
94,15
94,45
94,9
94,35
94,45
94,9
94,42
94,33
94,7
94,1
94,85
94,29
94,53
94,46
94,56
94,16
94,39
94,12
94,54
94,46
94,23
94,11
94,42
94,12
94,32
94,42
94,17
94,9
94,35
94,0
94,7
94,2
94,7
94,29
94,53
94,7
94,36
94,7
94,21
94,23
94,36
94,7
94,56
94,38
94,39
94,29
94,7
94,21
94,0
94,1
94,2
94,3
94,7
94,2
94,21
94,25
94,15
94,12
94,18
94,9
94,2
94,56
94,27
94,4
94,14
94,20
94,24
94,46
94,29
94,21
94,60
94,2
94,3
94,4
94,72
94,12
94,7
94,18
94,2
94,7
94,2
94,56
94,21
94,39
94,36
94,7
94,38
94,14
94,36
94,38
94,39
94,16
94,14
94,2
94,3
94,56
94,51
94,63
94,46
94,17
94,15
94,36
94,7
94,38
94,3
94,21
94,2
94,50
94,35
94,17
94,12
94,17
94,12
94,38
94,39
94,41
94,70
94,4
94,72
94,31
94,12
94,7
94,2
94,3
94,21
94,25
94,14
94,50
94,19
94,1
94,17
94,8
94,18
94,9
94,13
94,31
94,35
94,36
94,38
94,77
94,39
94,19
94,23
94,57
94,63
94,7
94,46
94,57
94,36
94,7
94,39
94,7
94,56
94,39
94,53
94,9
94,2
94,29
94,7
94,2
94,17
94,51
94,20
94,3
94,0
94,1
94,2
94,24
94,21
94,15
94,12
94,54
94,23
94,7
94,59
94,76
94,12
94,7
94,2
94,30
94,55
94,3
94,4
94,2
94,40
94,54
94,2
94,24
94,35
94,36
94,7
94,2
94,3
94,17
94,25
94,17
94,9
94,43
94,53
94,20
94,79
94,36
94,7
94,2
94,3
94,36
94,38
94,56
94,32
94,8
94,7
94,0
94,17
94,1
94,4
94,7
94,2
94,3
94,27
94,12
94,54
94,7
94,22
94,9
94,50
94,35
94,7
94,9
94,14
94,36
94,59
94,12
94,7
94,2
94,31
94,57
94,63
94,14
94,7
94,9
94,22
94,57
94,33
95,94
95,53
95,7
95,57
95,63
95,9
95,12
95,54
95,18
95,9
95,7
95,11
95,9
95,25
95,31
95,35
95,17
95,25
95,7
95,18
95,8
95,9
95,2
95,65
95,48
95,50
95,35
95,2
95,3
95,22
95,12
95,14
95,12
95,46
95,21
95,7
95,2
95,27
95,30
95,36
95,38
95,20
95,53
95,63
95,71
95,78
95,25
95,15
95,36
95,7
95,38
95,27
95,28
95,43
95,39
95,17
95,7
95,7
95,2
95,4
95,50
95,35
95,17
95,18
95,8
95,25
95,7
95,39
95,78
95,7
95,2
95,36
95,7
95,14
95,9
95,50
95,35
95,11
95,42
95,7
95,2
95,3
95,2
95,12
95,38
95,29
95,40
95,54
95,73
95,12
95,7
95,2
95,7
95,7
95,37
95,7
95,2
95,30
95,19
95,7
95,3
95,35
95,20
95,2
95,27
95,22
95,0
95,2
95,3
95,27
95,4
95,54
95,23
95,57
95,63
95,19
95,50
95,23
95,20
95,5
95,38
95,68
95,64
95,17
95,18
95,43
95,23
95,36
96,95
96,26
96,3
96,4
96,14
96,20
96,21
96,7
96,56
96,43
96,11
96,46
96,71
96,21
96,12
96,2
96,4
96,12
96,7
96,18
96,62
96,2
96,30
96,20
96,2
96,13
96,7
96,9
96,39
96,53
96,26
96,2
96,27
96,4
96,7
96,2
96,4
96,9
96,31
96,35
96,7
96,77
96,7
96,20
97,96
97,0
97,2
97,27
97,19
97,9
97,50
97,35
97,0
97,1
97,2
97,21
97,23
97,7
97,2
97,3
97,44
97,47
97,39
97,74
97,36
97,7
97,14
97,38
97,40
97,0
97,1
97,9
97,24
97,21
97,20
97,21
97,19
97,7
97,7
97,20
97,1
97,0
97,2
97,18
97,21
97,51
97,9
97,46
97,29
97,20
97,67
97,14
97,7
97,5
97,7
97,3
97,21
97,36
97,7
97,25
97,7
97,2
97,3
97,30
97,20
97,27
97,25
97,46
97,0
97,58
97,1
97,14
97,34
97,46
97,23
97,24
97,0
97,1
97,2
97,3
97,7
97,7
97,38
97,23
97,5
97,12
97,54
97,43
97,11
97,12
97,54
97,2
97,3
97,7
97,2
97,38
97,9
97,1
97,49
97,12
97,0
97,2
97,3
97,38
97,28
97,17
97,36
97,7
97,38
97,22
97,23
97,36
98,97
98,21
98,15
98,7
98,77
99,98
99,51
99,83
99,42
99,9
99,5
99,13
99,7
99,56
99,6
99,0
99,55
99,3
99,13
99,14
99,4
99,14
99,63
99,18
99,9
99,15
99,23
99,5
99,29
99,53
99,0
99,54
99,0
99,1
99,2
99,3
99,4
100,99
100,29
100,84
100,8
100,43
100,44
100,18
100,21
100,15
100,4
100,57
100,14
100,7
100,38
100,2
100,27
100,14
100,8
100,12
100,12
100,54
100,51
100,23
100,23
100,24
100,7
100,2
100,7
100,27
100,56
100,7
100,9
100,31
100,42
100,61
100,0
100,1
100,2
100,3
100,4
100,18
100,21
100,38
100,39
100,41
100,50
100,39
100,41
100,13
100,20
100,21
100,51
100,39
101,100
101,31
101,66
101,0
101,26
101,4
101,16
101,14
101,18
101,8
101,43
101,7
101,7
101,2
101,46
101,58
101,36
101,7
101,38
101,2
101,56
101,31
101,8
101,15
101,9
101,53
101,42
101,9
101,5
101,48
101,7
101,12
101,54
101,9
101,1
101,13
101,36
101,7
101,38
101,38
101,37
101,39
101,40
101,41
101,7
101,1
101,14
101,12
101,54
101,7
101,2
101,4
101,84
101,8
101,24
101,7
101,9
101,13
101,7
101,12
101,54
101,0
101,7
101,2
101,46
101,9
101,21
101,43
101,35
101,12
101,54
101,14
101,30
101,46
101,55
101,3
101,14
101,34
101,35
101,7
101,38
101,56
101,16
101,28
101,7
101,9
101,21
101,43
101,2
101,68
101,7
101,2
101,45
101,21
101,11
101,12
101,46
101,53
101,56
101,48
101,60
101,12
101,52
101,19
101,3
101,12
101,17
101,8
101,1
101,31
101,29
101,53
101,48
101,31
101,12
101,54
101,9
101,43
101,14
101,14
101,7
101,36
101,38
101,39
101,40
101,7
101,2
101,3
101,43
101,23
101,9
101,24
101,36
101,38
101,21
101,28
101,22
101,7
101,66
101,41
101,18
101,9
101,9
101,0
101,7
101,26
101,2
101,16
101,7
101,11
101,16
101,14
101,9
101,14
101,36
101,39
101,41
101,36
101,9
101,43
101,46
101,20
101,24
101,17
101,8
101,9
101,2
101,27
101,22
101,12
101,54
101,23
101,7
101,2
101,67
101,38
101,28
101,40
101,36
101,43
101,11
101,42
101,12
101,8
101,1
101,31
101,7
101,20
101,2
101,27
101,22
101,8
101,9
101,1
101,11
101,15
101,23
101,17
101,25
101,0
101,20
101,3
101,4
101,14
101,34
101,7
101,16
101,29
101,53
101,7
101,55
101,56
101,39
101,65
101,70
101,72
101,31
101,12
101,12
101,54
101,39
101,53
101,78
101,41
101,9
101,1
101,2
101,21
101,4
101,30
101,0
101,38
101,3
101,27
101,22
101,46
101,57
101,36
101,40
101,7
101,26
101,16
101,14
101,10
101,12
101,7
101,71
101,56
101,39
101,41
101,7
101,71
101,78
101,29
101,53
101,7
101,2
101,53
101,41
101,42
101,19
101,7
101,79
101,36
101,7
101,38
101,27
101,39
101,7
101,2
101,3
101,27
102,101
102,20
102,57
102,7
102,10
102,11
102,12
102,3
102,14
102,1
102,35
102,33
102,7
102,79
102,18
102,9
102,1
102,31
102,35
102,9
102,13
102,43
102,17
102,3
102,57
102,7
102,2
102,30
102,23
102,0
102,1
102,2
102,3
102,56
102,47
102,7
102,2
102,16
102,22
102,9
102,24
102,61
102,12
102,52
102,7
102,26
102,2
102,30
102,36
102,7
102,2
102,25
102,51
103,102
103,53
103,36
103,7
103,38
103,27
103,43
103,7
103,9
103,31
103,20
103,9
103,3
103,4
103,14
103,15
103,7
103,6
103,2
103,31
103,57
103,17
103,8
103,7
103,2
103,4
103,46
103,36
103,38
103,64
103,28
103,23
103,44
103,53
103,41
103,59
103,76
103,11
103,32
103,42
103,12
103,71
103,33
103,21
103,43
103,7
103,50
103,35
103,73
103,12
103,12
103,54
103,1
103,31
103,51
103,27
103,42
103,47
103,17
103,8
103,21
103,42
103,12
103,2
103,3
103,56
103,36
103,9
103,1
103,7
103,9
103,13
103,51
103,29
103,53
103,12
103,54
103,71
103,33
103,7
103,2
103,4
103,7
103,8
103,18
103,53
103,14
103,35
103,2
103,3
103,63
103,7
103,13
103,50
103,48
103,20
103,13
103,18
103,9
103,21
103,0
103,1
103,33
103,8
103,14
103,34
103,57
103,63
103,7
103,56
103,37
103,0
103,45
103,2
103,36
103,7
103,77
103,43
103,7
103,17
103,36
103,7
103,25
103,7
103,18
103,48
103,12
103,52
103,14
103,12
103,57
103,63
103,21
103,2
103,3
103,27
103,4
103,14
103,40
103,12
103,52
104,103
104,20
104,6
104,53
104,14
104,9
104,21
104,0
104,17
104,27
104,16
104,101
104,17
104,8
104,3
104,17
104,7
104,31
104,66
104,1
104,31
104,12
104,54
104,12
104,54
104,9
104,21
104,72
104,12
104,7
104,14
104,12
104,48
104,36
104,7
104,7
104,57
104,21
104,7
104,56
104,66
104,9
104,67
104,50
104,35
104,19
104,7
104,18
104,26
104,2
104,3
104,27
104,7
104,2
104,10
104,31
104,11
104,12
104,0
104,1
104,2
104,1
104,46
104,21
104,15
104,23
104,8
104,1
104,48
104,12
104,54
104,39
104,53
104,41
104,7
104,3
104,21
104,23
104,44
104,23
104,7
104,32
104,20
104,2
104,31
104,16
104,14
104,34
104,12
104,20
104,63
104,7
104,2
104,59
104,12
104,31
104,42
104,51
104,28
104,39
104,8
104,25
104,9
104,15
104,20
104,17
104,11
104,12
104,46
104,25
104,0
104,1
104,2
104,3
104,4
104,36
104,7
104,9
104,71
104,13
104,7
104,2
104,36
104,7
104,38
104,2
104,0
104,36
104,7
104,1
104,2
104,3
104,53
104,9
104,13
104,36
104,7
104,38
104,48
104,12
104,54
104,17
104,8
104,9
104,7
104,66
104,9
104,9
104,50
104,61
104,51
104,20
104,5
104,1
104,68
104,33
104,7
104,7
104,18
104,9
104,24
104,15
104,40
104,12
104,54
104,7
104,20
104,14
104,65
104,36
104,7
104,22
104,46
104,21
104,1
104,21
104,31
104,7
104,38
104,28
104,39
104,7
104,20
104,63
104,36
104,7
104,38
104,3
104,39
104,7
104,55
104,56
104,37
104,39
104,0
104,17
104,3
104,49
104,14
104,9
104,13
104,46
104,17
104,43
104,11
104,2
104,4
104,31
104,12
104,2
104,4
104,12
104,26
104,4
104,75
104,12
104,54
104,25
104,20
104,24
104,56
104,39
104,7
104,27
104,14
104,7
104,9
104,7
104,20
104,1
104,2
104,20
104,27
104,56
104,39
104,47
104,17
104,7
104,2
104,3
104,12
104,21
104,11
104,42
104,12
104,7
104,14
104,10
104,75
104,12
104,31
104,12
104,54
104,9
104,13
104,31
104,35
104,12
104,54
104,56
104,21
104,32
104,17
104,8
104,18
104,9
104,15
104,24
104,35
104,9
104,42
104,0
104,1
104,2
104,3
104,59
104,10
104,12
104,7
104,77
104,9
104,13
104,18
104,1
104,0
104,7
104,20
104,2
104,23
104,5
104,44
104,9
104,63
104,46
104,2
104,12
104,29
104,53
104,12
104,52
104,12
104,54
104,9
104,50
104,35
104,53
104,47
104,3
104,27
104,16
104,14
104,0
104,2
104,16
104,22
104,12
104,12
104,54
104,26
104,2
104,27
104,4
104,14
104,4
104,12
104,18
104,9
104,24
104,21
104,1
104,27
104,68
104,26
104,55
104,20
104,3
104,9
104,3
104,4
104,30
104,63
104,46
104,7
104,7
104,14
104,34
104,2
104,3
104,56
104,39
104,7
104,18
104,20
104,7
104,23
104,7
104,71
104,9
104,13
105,104
105,56
105,39
105,4
105,14
105,54
105,57
105,63
105,36
105,1
105,2
105,15
105,12
105,2
105,68
105,57
105,4
105,14
105,9
105,31
105,42
105,13
105,14
105,8
105,2
105,15
105,12
105,39
105,40
105,41
105,7
105,2
105,26
105,55
105,20
105,3
105,4
105,12
105,54
105,1
105,42
105,12
105,54
105,1
105,35
105,71
105,33
105,72
105,12
105,3
105,14
105,12
105,16
105,14
105,12
105,7
105,9
105,21
105,22
105,20
105,71
105,33
105,36
105,38
105,2
105,27
105,43
105,39
105,0
105,2
105,4
105,3
105,4
105,14
105,55
105,3
105,4
105,48
105,9
105,35
105,33
105,31
105,12
105,54
105,43
105,42
105,48
105,10
105,75
105,12
105,7
105,28
105,23
105,44
105,15
105,36
105,7
105,2
105,7
105,85
105,67
105,38
105,13
105,17
105,60
105,21
105,4
105,12
105,39
105,41
105,12
105,54
105,9
105,46
105,29
105,9
105,18
105,20
105,2
105,3
105,4
105,31
105,66
105,12
105,16
105,14
105,12
105,7
105,13
105,54
105,7
105,2
105,0
105,22
105,42
105,0
105,20
105,3
105,4
105,65
105,70
105,12
105,7
105,18
105,29
105,17
105,50
105,46
105,64
105,0
105,2
105,25
105,22
105,9
105,50
105,35
105,12
105,54
105,51
105,14
105,18
105,21
105,46
105,7
105,9
105,46
105,23
105,3
105,57
105,50
105,57
105,63
105,17
105,12
106,105
106,46
106,7
106,22
106,17
106,12
106,6
106,29
106,23
106,7
106,2
106,56
106,36
106,21
106,36
106,21
106,43
106,20
106,20
106,9
106,3
106,21
106,15
106,12
106,7
106,56
106,14
106,4
106,14
106,12
106,20
106,56
106,39
106,14
106,46
106,19
106,23
106,7
106,53
106,36
106,7
106,56
106,31
106,43
106,39
106,33
106,46
106,7
106,60
106,2
106,4
106,0
106,31
106,56
106,39
106,49
106,53
106,7
106,9
106,33
106,50
106,33
106,7
106,8
106,67
106,14
106,34
106,20
106,2
106,3
106,4
106,48
106,7
106,4
106,12
106,52
106,7
106,63
106,9
106,50
106,103
106,22
106,36
106,38
106,27
106,28
106,39
106,36
106,7
106,38
106,39
106,17
106,7
106,12
106,3
106,4
106,14
106,9
106,41
106,23
106,36
106,7
106,8
106,9
106,9
106,24
106,20
107,106
107,44
107,9
107,2
107,11
107,42
107,15
107,42
107,23
107,20
107,7
107,77
107,48
107,1
107,51
107,7
107,35
107,12
107,54
107,46
107,2
107,4
107,14
107,28
107,39
107,29
107,0
107,1
107,2
107,4
107,20
107,3
107,7
107,48
107,10
107,75
107,12
107,7
107,2
107,3
107,10
107,12
107,31
107,12
107,54
107,1
107,33
107,15
107,50
107,7
107,23
107,7
107,71
107,5
107,44
107,7
107,1
107,33
107,71
107,14
107,34
107,9
107,50
107,35
107,7
107,9
107,2
107,21
107,4
107,12
107,52
107,17
107,25
107,7
107,2
107,7
107,50
107,9
107,21
107,12
107,54
107,38
107,23
107,36
107,39
107,57
107,19
107,18
107,9
107,50
107,12
107,54
107,17
107,8
107,32
107,12
107,52
107,17
107,18
107,9
107,17
107,18
107,18
107,20
107,20
107,4
107,66
107,23
107,20
107,25
107,46
107,23
107,7
107,20
107,21
107,7
107,79
107,1
107,44
107,7
107,14
107,1
107,26
107,20
107,4
107,31
107,12
107,54
107,36
107,38
107,42
107,46
107,23
107,57
107,7
107,57
107,50
107,35
107,17
107,18
107,8
107,20
107,7
107,18
107,46
107,26
107,2
107,7
107,7
107,2
107,9
107,24
107,21
107,7
107,20
107,57
107,39
107,78
107,20
107,2
107,46
107,57
107,63
107,21
107,25
107,0
107,16
107,14
107,34
107,36
107,7
107,38
107,71
107,11
107,14
107,52
107,54
107,7
107,12
107,54
107,9
107,1
107,13
107,79
107,12
107,54
107,36
107,7
107,36
107,7
107,38
107,22
107,42
107,7
107,2
107,56
107,21
107,39
107,7
107,21
107,7
107,11
107,42
107,66
107,36
107,7
107,38
107,2
107,17
107,7
107,7
107,27
107,30
107,47
107,11
107,17
107,12
107,36
108,107
108,71
108,2
109,108
109,64
109,25
109,79
109,14
109,46
109,15
109,7
109,3
109,14
109,20
109,50
109,35
109,3
109,4
109,14
109,36
109,7
109,43
109,39
109,7
109,42
109,15
109,7
109,8
109,2
109,4
109,15
109,7
109,38
109,16
109,40
109,27
109,28
109,53
109,100
109,57
109,63
109,38
109,28
109,40
109,18
109,2
109,21
109,15
109,18
109,69
109,72
109,12
109,1
109,4
109,14
109,12
109,7
109,20
109,2
109,3
109,65
109,12
109,0
109,1
109,2
109,3
109,4
109,69
109,9
109,24
109,3
109,23
109,18
109,9
109,1
109,24
109,13
109,57
109,15
109,35
109,33
109,7
109,38
109,7
109,2
109,3
109,30
109,20
109,53
109,41
109,12
109,54
109,17
109,71
109,32
109,7
109,55
109,46
109,51
109,9
109,35
109,72
109,12
109,7
109,0
109,36
109,38
109,1
109,3
109,14
109,20
109,2
109,3
109,20
109,2
109,46
109,36
109,7
109,2
109,21
109,14
109,12
109,46
109,36
109,38
109,29
109,45
109,17
109,7
109,18
109,44
109,18
109,14
109,15
109,65
109,9
110,109
110,42
110,12
110,54
110,9
110,50
110,17
110,8
110,18
110,7
110,57
110,9
110,15
110,12
110,54
110,26
110,27
110,4
110,51
110,17
110,0
110,20
110,1
110,3
110,14
110,12
110,54
110,17
110,36
110,7
110,38
110,2
110,3
110,7
110,2
110,65
110,70
110,72
110,31
110,12
110,9
110,2
110,23
110,36
110,7
110,9
110,14
110,34
110,17
110,12
110,15
110,52
110,9
110,13
110,31
110,35
110,0
110,23
110,29
110,57
110,33
110,18
110,21
110,9
110,21
110,55
110,4
110,47
110,20
110,2
110,56
110,64
110,57
110,53
110,46
110,20
111,110
111,39
111,23
111,24
111,15
111,17
111,48
111,26
111,2
111,4
111,7
111,50
111,7
111,18
111,7
111,79
111,39
111,9
111,13
111,21
111,72
111,12
111,7
111,8
111,20
111,9
111,1
111,14
111,24
111,25
111,4
111,63
111,55
111,4
111,51
112,111
112,0
112,2
112,22
112,33
112,30
112,7
112,23
112,3
112,57
112,14
112,63
112,7
112,3
112,27
112,56
112,7
112,25
112,65
112,70
112,12
112,2
112,24
112,21
112,4
112,63
112,12
112,23
112,7
112,9
112,31
112,46
112,48
112,75
112,12
112,12
112,54
112,55
112,2
112,9
112,35
112,19
112,38
112,28
112,10
112,31
112,12
112,7
112,55
112,46
112,67
112,87
112,68
112,29
112,23
112,7
112,44
112,7
112,1
112,0
112,17
112,1
112,2
112,3
112,27
112,69
112,19
112,12
112,10
112,12
112,7
112,2
112,27
112,0
112,20
112,1
112,14
112,12
112,26
112,55
112,20
112,23
112,56
112,57
112,57
112,53
112,63
112,7
112,32
112,56
112,28
112,12
112,54
112,15
112,48
112,12
112,54
112,14
112,12
112,54
112,17
112,18
112,9
112,32
112,0
112,1
112,2
112,3
112,7
112,28
112,72
112,12
112,10
112,11
112,75
112,12
112,56
112,37
112,39
112,53
112,7
112,2
112,0
112,20
112,27
112,4
112,25
112,12
112,54
112,48
112,7
112,12
112,54
112,7
112,31
112,66
112,7
112,1
112,85
112,29
112,53
112,83
112,13
112,21
112,43
112,2
112,3
112,4
112,67
112,12
112,18
112,21
112,36
112,7
112,21
112,53
112,9
112,16
112,14
112,12
112,9
112,50
112,35
112,18
112,9
112,35
112,20
112,51
112,81
112,16
112,53
112,34
112,7
112,11
112,42
112,7
112,26
112,27
112,22
113,112
113,92
113,10
113,12
113,56
113,39
113,44
113,53
113,38
113,16
113,40
113,87
113,64
113,9
113,50
113,35
113,36
113,39
113,4
113,14
113,54
113,9
113,13
113,42
113,0
113,58
113,1
113,2
113,3
113,20
113,9
113,14
113,34
113,23
113,7
113,65
113,69
113,7
113,71
113,12
113,14
113,34
113,18
113,7
113,10
113,43
113,11
113,12
113,7
113,26
113,55
113,48
113,7
113,12
113,54
113,23
113,1
113,35
113,5
113,29
113,23
113,4
113,66
114,113
114,2
114,36
114,56
114,39
114,78
114,41
114,73
114,12
114,18
114,42
114,84
114,7
114,50
114,35
114,36
114,77
114,43
114,46
114,2
114,21
114,16
114,46
114,17
114,46
114,15
114,17
114,12
114,39
114,53
114,41
114,66
114,46
114,9
114,50
114,35
114,50
114,3
114,16
114,14
114,5
114,13
114,46
114,9
114,2
114,25
114,46
114,29
114,4
114,14
114,63
114,0
114,1
114,2
114,26
114,20
114,2
114,3
114,8
114,1
114,24
114,12
114,54
114,9
114,17
114,12
114,7
114,2
114,36
114,7
114,16
114,14
114,7
114,3
114,56
114,47
114,14
115,114
115,58
115,2
115,7
115,2
115,7
115,40
115,38
115,29
115,53
115,7
115,2
115,3
115,30
115,1
115,31
115,35
115,7
115,42
115,18
115,9
115,1
115,31
115,14
115,7
115,9
115,12
115,52
115,23
115,57
115,63
115,38
115,29
115,53
115,48
115,12
115,52
115,36
115,7
115,2
115,21
115,21
115,29
115,53
115,23
115,7
115,18
115,29
115,12
115,54
115,9
115,43
115,67
115,50
115,35
115,14
115,34
115,15
115,38
115,2
115,56
115,39
115,41
116,115
116,36
116,7
116,38
116,27
116,39
116,7
116,2
116,3
116,27
116,47
116,23
116,7
116,5
116,44
116,10
116,12
116,0
116,1
116,2
116,7
116,71
116,78
116,7
116,46
116,25
116,15
116,61
116,7
116,38
116,79
116,0
116,1
116,2
116,3
116,17
116,15
116,3
116,14
116,34
116,26
116,55
116,20
116,3
116,7
116,31
116,12
116,54
116,31
116,51
116,53
116,12
116,54
116,20
116,7
116,8
116,14
116,46
116,8
116,46
116,23
116,29
116,20
116,3
116,56
116,43
116,11
116,7
116,2
116,56
116,21
116,39
116,17
116,7
116,25
116,32
116,61
116,4
116,14
116,12
116,36
116,7
116,9
116,7
116,19
116,36
116,18
116,7
116,2
116,38
116,58
116,46
116,2
116,15
116,48
116,12
116,54
116,7
116,26
116,2
116,22
116,36
116,7
116,38
116,67
116,7
116,71
116,39
116,78
116,12
116,54
116,59
116,11
116,12
116,60
116,4
116,12
116,54
116,12
116,54
116,20
116,3
116,7
116,24
116,2
116,3
116,56
116,20
116,79
116,29
116,51
116,39
116,2
116,22
116,12
116,61
116,57
116,63
116,17
116,8
116,25
116,12
116,54
116,20
116,57
116,2
116,12
116,54
116,2
116,4
116,12
116,7
116,71
116,78
116,38
116,27
116,28
116,7
116,12
116,54
116,9
116,13
116,12
116,54
116,17
116,7
116,25
116,7
116,39
116,41
116,36
116,3
116,21
116,12
116,54
116,23
116,7
116,7
116,6
116,8
116,9
116,14
116,34
116,29
116,53
116,76
116,12
116,0
116,7
116,1
116,16
116,14
116,34
116,12
116,54
116,18
116,73
116,12
116,29
116,53
116,7
116,2
116,48
116,2
116,4
116,23
116,7
116,20
116,17
116,25
116,59
116,12
116,92
116,10
116,12
116,12
116,54
116,36
116,7
116,42
116,17
116,1
116,7
116,3
116,14
116,2
116,12
116,12
116,54
116,65
116,18
116,42
116,7
116,10
116,43
116,11
116,20
116,2
116,13
116,9
116,18
116,35
116,7
116,56
116,37
116,39
116,67
116,39
116,12
116,54
116,73
116,7
116,71
116,11
116,14
116,12
116,54
116,20
116,7
116,9
116,31
116,42
116,17
116,11
116,12
116,9
116,50
116,36
116,7
116,43
116,12
116,54
116,22
116,14
116,12
116,23
116,57
116,19
116,23
116,15
116,8
116,21
116,36
116,7
116,14
116,9
116,21
116,73
116,12
116,59
116,12
116,54
116,26
116,55
116,20
116,3
116,0
116,1
116,2
116,3
116,21
116,21
116,13
116,17
116,45
116,7
116,9
116,67
116,53
116,21
116,2
116,56
116,57
116,0
116,26
116,2
116,3
116,4
116,12
116,54
116,48
116,9
116,35
116,46
116,36
116,38
116,3
116,64
116,72
116,12
116,51
116,3
116,67
116,53
116,14
116,20
116,71
116,29
116,57
116,53
116,14
116,34
116,0
116,7
116,26
116,3
116,27
116,22
116,75
116,12
116,7
116,53
116,20
116,25
116,12
116,17
116,8
116,31
116,43
116,36
116,43
116,11
116,7
116,38
116,40
116,7
116,8
116,7
116,3
116,56
116,20
116,7
116,67
116,31
116,12
116,54
116,66
116,57
116,2
116,57
116,63
116,9
116,6
116,17
116,73
116,12
116,23
116,1
116,35
116,7
116,36
116,7
116,39
116,44
116,55
116,3
116,21
116,4
116,9
116,50
116,0
116,2
116,22
116,12
116,2
116,4
116,14
116,12
116,46
116,21
116,15
116,39
116,53
116,41
116,12
116,54
116,12
116,54
116,7
116,2
116,3
116,56
116,16
116,16
116,7
116,9
116,31
116,42
116,51
116,53
116,63
116,33
116,0
116,2
116,3
116,4
116,20
116,16
116,14
116,7
116,50
116,76
116,12
116,7
116,38
116,27
116,56
116,28
116,39
116,21
116,12
116,26
116,4
116,12
116,54
116,17
116,12
116,13
116,23
116,32
116,36
116,7
116,38
116,7
116,57
116,8
116,43
116,11
116,14
116,34
116,12
116,0
116,65
116,31
116,66
116,12
116,103
116,57
116,16
116,14
116,36
116,7
116,38
116,39
116,40
116,51
116,20
116,63
116,7
116,77
116,9
116,50
116,7
116,7
116,26
116,56
116,43
116,11
116,14
116,7
116,46
116,58
116,9
116,2
116,13
116,7
116,59
116,12
116,7
116,3
116,57
116,14
116,9
116,46
116,65
116,17
116,7
116,21
116,14
116,7
116,2
116,19
116,1
116,7
116,18
116,46
116,51
117,116
117,23
117,1
117,7
117,18
117,14
117,15
117,46
117,23
117,24
117,21
117,4
117,12
117,9
117,50
117,35
117,3
117,27
117,56
117,37
117,20
117,8
117,3
117,44
117,7
117,3
117,53
117,73
117,12
117,7
117,14
117,46
117,7
117,55
117,30
117,20
117,12
117,54
117,16
117,14
117,12
117,39
117,53
117,7
117,39
117,41
117,7
117,63
117,36
117,2
117,21
117,2
117,4
117,25
117,43
117,12
117,7
117,2
117,9
117,14
117,50
117,35
117,7
117,53
117,14
117,34
117,36
117,38
117,39
117,8
117,44
117,7
117,31
117,66
117,7
117,22
117,11
117,23
117,7
117,21
117,0
117,1
117,3
117,27
117,67
117,47
117,51
118,117
118,43
118,11
118,49
118,12
118,9
118,14
118,34
118,21
118,31
118,60
118,2
118,4
118,12
118,51
118,83
118,7
118,17
118,8
118,32
118,0
118,2
118,3
118,12
118,2
118,11
118,12
118,7
118,16
118,9
118,100
118,71
118,56
118,39
118,29
118,17
118,32
118,2
118,27
118,4
118,29
118,3
118,56
118,57
118,12
118,54
118,18
118,9
118,42
118,2
118,4
118,14
118,39
118,78
118,9
118,35
118,18
118,42
118,7
118,14
118,46
118,56
118,39
118,14
118,34
118,72
118,12
118,21
118,12
118,74
118,7
118,26
118,3
118,0
118,1
118,2
118,4
118,8
118,43
118,11
118,14
118,34
118,12
118,23
119,118
119,17
119,8
119,25
119,30
119,0
119,20
119,7
119,2
119,45
119,21
119,32
119,12
119,0
119,7
119,2
119,0
119,39
119,7
119,27
119,29
119,73
119,12
119,51
119,56
119,109
119,39
119,53
119,9
119,50
119,35
119,7
119,2
119,3
119,8
119,9
119,21
119,11
119,12
119,27
119,22
119,7
119,3
119,56
119,14
119,36
119,7
119,18
119,0
119,1
119,2
119,3
119,7
119,79
119,48
119,31
119,12
119,54
119,13
119,6
119,47
119,31
119,12
119,54
119,36
119,7
119,38
119,21
119,9
119,21
119,73
119,12
119,7
119,3
119,56
119,66
119,46
119,14
119,12
119,46
119,23
119,46
119,2
119,46
119,51
119,23
119,57
119,2
119,27
119,16
119,48
119,9
119,9
119,71
119,2
119,13
119,6
119,7
119,27
119,41
119,7
119,29
119,50
119,7
119,26
119,2
119,3
119,16
119,46
119,17
119,18
119,8
119,1
119,30
119,20
119,4
119,14
119,12
119,54
119,18
119,15
119,7
119,46
119,20
119,1
119,108
119,67
119,14
119,9
119,20
119,14
119,7
119,66
119,7
119,7
119,9
119,50
119,35
119,23
119,36
119,7
119,44
119,7
119,16
119,66
119,61
119,45
119,18
119,29
119,7
119,10
119,43
119,11
119,12
119,7
119,2
119,16
119,22
119,7
119,20
119,16
119,45
119,9
119,23
119,7
119,55
119,56
119,36
119,11
119,7
120,119
120,9
120,13
120,7
120,9
120,14
120,30
120,36
120,39
120,78
120,7
120,55
120,3
120,19
120,18
120,20
120,3
120,12
120,51
120,7
120,56
120,53
120,7
120,0
120,7
120,20
120,1
120,2
120,39
120,67
120,46
120,18
120,46
120,7
120,2
120,46
120,84
120,9
120,50
120,71
120,5
120,33
120,46
120,23
120,83
120,38
120,64
120,7
120,27
120,7
120,56
120,39
120,7
120,1
120,85
120,29
120,53
120,117
120,76
120,12
120,17
120,56
120,43
120,11
120,7
120,55
120,3
120,1
120,2
120,3
120,56
120,7
120,59
120,11
120,12
120,14
120,15
120,12
120,54
120,0
120,27
120,4
120,23
120,36
120,7
120,65
120,70
120,12
120,12
120,54
120,36
120,39
120,0
120,26
120,1
120,2
120,3
120,68
120,4
120,23
120,36
120,24
120,29
120,7
120,85
120,9
120,50
120,35
120,16
120,11
120,14
120,12
120,16
120,67
120,14
120,7
120,20
120,9
120,66
120,51
120,7
120,3
120,53
120,14
120,51
120,39
120,53
120,23
120,56
120,9
120,14
120,50
120,35
120,46
120,85
120,53
121,120
121,66
121,9
121,3
121,4
121,14
121,7
121,7
121,56
121,16
121,0
121,7
121,20
121,1
121,2
121,7
121,2
121,33
121,45
121,7
121,18
121,9
121,56
121,21
121,7
121,9
121,1
121,31
121,42
121,65
121,69
121,70
121,12
121,9
121,14
121,34
121,50
121,35
121,10
121,12
121,48
121,7
121,4
121,12
121,54
121,2
121,4
121,36
121,7
121,27
121,7
121,27
121,57
121,63
121,36
121,7
121,2
121,31
121,12
121,54
122,121
122,21
122,9
122,31
122,42
122,7
122,54
122,20
122,46
122,67
122,7
122,55
122,56
122,39
122,9
122,42
122,36
122,7
122,38
122,43
122,39
122,14
122,40
122,46
122,18
122,23
122,7
122,31
122,7
122,7
122,85
122,65
122,7
122,9
122,42
122,0
122,26
122,2
122,4
122,30
122,9
122,109
122,0
122,7
122,1
122,2
122,3
122,16
122,14
122,34
122,72
122,12
122,46
122,21
122,43
122,11
122,0
122,2
122,46
122,35
122,7
122,8
122,56
122,23
122,57
122,23
122,36
122,38
122,28
122,39
122,41
122,7
122,15
122,7
122,29
122,7
122,18
122,56
122,7
122,24
122,1
122,3
122,15
122,12
122,36
122,20
122,21
122,16
122,14
122,0
122,1
122,3
122,16
122,43
122,14
122,34
122,1
122,85
122,67
122,29
122,53
122,12
122,54
122,7
122,64
122,20
122,1
122,12
122,54
122,38
122,28
122,50
122,23
122,7
122,64
122,31
122,66
122,7
122,36
122,39
122,78
122,51
122,39
122,29
122,53
122,36
122,7
122,40
122,73
122,12
122,42
122,12
122,7
122,21
122,11
122,0
122,20
122,21
122,43
122,7
122,3
122,53
122,63
122,1
122,2
122,3
122,21
122,2
122,12
122,52
122,2
122,59
122,76
122,12
122,36
122,20
122,63
122,17
122,18
122,8
122,9
122,25
122,31
122,43
122,35
122,9
122,50
122,35
122,7
122,18
122,21
122,14
122,34
122,35
122,66
122,36
122,38
122,66
122,46
122,9
122,18
122,2
122,3
122,30
122,12
122,51
122,19
122,36
122,20
122,56
122,57
122,9
122,7
122,20
122,29
122,36
122,7
122,56
122,7
122,2
122,56
122,21
122,46
122,19
122,36
122,2
122,15
122,2
122,36
122,39
122,78
122,2
122,58
122,2
122,4
122,12
122,12
122,54
122,23
122,35
122,21
122,12
122,21
122,76
122,12
123,122
123,53
123,7
123,22
123,11
123,42
123,16
123,14
123,12
123,9
123,50
123,0
123,2
123,3
123,30
123,23
123,7
123,56
123,12
123,54
123,7
123,9
123,21
123,10
123,31
123,12
123,65
123,12
123,16
123,14
123,17
123,12
123,21
123,32
123,7
123,47
123,7
123,63
123,0
123,2
123,9
123,56
123,43
123,11
123,19
123,36
123,7
123,3
123,73
123,12
123,46
123,67
123,18
123,8
123,9
123,1
123,14
123,34
123,71
123,33
123,23
124,123
124,48
124,12
124,54
124,20
124,2
124,3
124,12
124,54
124,7
124,8
124,67
124,10
124,31
124,12
124,18
124,9
124,5
124,13
124,35
124,18
124,8
124,9
124,31
124,3
124,4
124,14
124,12
124,38
124,39
124,41
124,7
124,9
124,20
124,2
124,21
124,12
124,54
124,15
124,7
124,38
124,6
124,67
124,7
124,17
124,7
124,73
124,12
124,16
124,12
124,0
124,36
124,1
124,39
124,14
124,46
124,17
124,39
124,41
125,124
125,20
125,57
125,14
125,60
125,4
125,14
125,7
125,63
125,18
125,9
125,6
125,15
125,35
125,7
125,1
125,2
125,27
125,30
125,47
125,48
125,10
125,12
125,23
125,36
125,31
125,7
125,11
125,2
125,3
125,4
125,12
125,9
125,77
125,14
125,20
125,15
125,12
125,8
125,2
125,21
125,15
125,46
125,38
125,41
125,8
125,3
125,43
125,11
125,7
125,2
125,2
125,3
125,27
125,4
125,15
125,41
126,125
126,4
126,14
126,12
126,8
126,9
126,11
126,36
126,38
126,27
126,28
126,43
126,39
126,44
126,36
126,7
126,85
126,67
126,23
126,5
126,44
126,91
126,76
126,12
126,38
126,28
126,2
126,68
126,4
126,57
126,17
126,12
126,2
126,66
126,7
126,12
126,54
126,39
126,35
126,33
126,36
126,72
126,31
126,12
126,0
126,29
126,53
126,7
126,26
126,2
126,56
126,46
126,38
126,29
126,7
126,12
126,54
126,31
126,12
126,54
127,126
127,64
127,46
127,29
127,51
127,57
127,63
127,7
127,50
127,20
127,57
127,12
127,54
127,44
127,7
127,51
127,23
127,7
127,9
127,53
127,36
127,38
127,3
127,4
127,22
127,42
127,7
127,39
127,78
127,12
127,54
127,7
127,55
127,85
127,56
127,39
127,17
127,7
127,2
127,56
127,25
127,7
127,1
127,46
127,17
127,25
127,0
127,7
127,26
127,31
127,66
127,18
127,11
127,42
127,15
127,4
127,14
127,51
127,25
127,0
127,2
127,3
127,12
127,4
127,72
127,12
127,36
127,7
127,38
127,2
127,21
127,50
127,33
127,7
127,58
127,39
127,0
127,29
127,14
127,2
127,48
127,26
127,4
127,12
127,7
127,21
127,60
127,57
127,14
127,56
127,64
127,39
127,3
127,21
127,43
127,11
127,15
127,60
127,2
127,4
127,12
127,51
127,63
127,17
127,44
127,48
127,12
127,54
127,31
127,22
127,14
127,12
127,76
127,12
127,7
127,48
127,12
127,54
127,7
127,2
127,9
127,30
127,27
127,22
127,53
127,46
127,0
127,2
127,29
127,7
127,0
127,1
127,3
127,27
127,4
127,47
127,17
127,8
127,4
127,25
127,14
127,15
127,7
127,67
127,14
127,34
127,35
127,0
127,1
127,2
127,3
127,21
127,19
127,18
127,15
127,20
127,21
127,43
127,11
127,15
127,18
127,9
127,24
127,42
127,73
127,7
127,20
127,12
127,2
127,3
127,4
127,14
127,29
127,14
127,30
127,46
127,38
127,28
127,39
127,29
127,7
127,2
127,10
127,43
127,15
127,12
127,12
127,54
127,73
127,12
127,4
127,14
127,12
127,46
127,7
127,2
127,50
127,7
127,2
127,3
127,66
127,48
127,7
127,12
127,54
127,2
127,3
127,4
127,16
127,22
127,12
127,7
127,58
127,39
127,53
127,41
127,38
127,2
127,7
127,2
127,21
127,16
127,22
127,12
127,54
127,12
127,52
127,9
127,7
127,77
127,46
127,62
127,7
127,20
127,21
127,12
127,54
127,2
127,33
127,38
127,58
127,14
127,34
127,46
127,7
127,46
127,3
127,56
127,13
127,57
127,17
127,12
127,36
127,7
127,7
127,14
127,21
127,9
127,50
127,35
127,2
127,16
127,7
127,2
127,46
127,7
127,7
127,39
127,46
127,0
127,1
127,3
127,27
127,4
127,74
127,20
127,3
127,12
127,54
127,8
127,43
127,7
127,27
127,41
127,7
127,41
127,38
127,7
127,1
127,33
127,72
127,11
127,12
127,65
127,12
127,65
127,12
127,7
127,7
127,8
127,7
127,56
127,14
127,7
127,3
127,30
127,46
127,36
127,3
127,11
127,14
127,7
127,34
127,25
127,15
127,7
127,2
127,3
127,36
127,7
127,38
127,26
127,2
127,3
127,4
127,9
127,13
127,11
127,20
127,77
127,1
127,21
127,25
127,15
127,12
127,54
127,7
127,14
127,9
127,50
127,35
127,7
127,67
127,18
127,2
127,3
127,30
127,12
127,9
127,50
127,35
127,4
127,54
127,0
127,2
127,12
127,36
127,2
127,38
127,3
127,27
127,16
127,28
127,73
127,12
127,31
127,12
127,54
127,7
127,2
127,16
127,21
127,12
127,54
127,51
127,68
127,5
127,36
127,7
127,46
127,7
127,2
127,48
127,9
127,15
127,63
127,30
127,20
127,67
127,63
127,46
127,7
127,20
127,63
127,21
127,38
127,29
127,53
127,61
127,23
127,7
127,56
127,57
127,63
127,0
127,20
127,3
127,14
127,46
127,83
127,1
127,36
127,7
127,39
127,66
127,5
127,1
127,22
127,14
127,19
127,18
127,9
127,13
127,15
127,0
127,1
127,2
127,3
127,21
127,23
127,20
127,7
127,2
127,3
127,23
127,2
127,29
127,7
127,53
127,15
127,17
127,12
127,18
127,9
127,63
127,46
127,14
127,71
127,13
127,42
127,7
127,22
127,7
127,21
127,12
127,7
127,38
127,64
127,12
127,54
127,9
127,42
127,48
127,12
127,52
127,121
127,26
127,20
127,3
127,67
127,18
127,7
127,2
127,16
127,12
127,52
127,2
127,4
127,12
127,84
127,51
127,23
128,127
128,29
128,53
128,64
128,39
128,7
128,39
128,53
128,78
128,41
128,51
128,56
128,39
128,7
128,46
128,65
128,70
128,12
128,46
128,7
128,71
128,55
128,16
128,14
128,12
128,20
128,56
128,31
128,66
128,7
128,65
128,43
128,12
128,67
128,54
128,12
128,54
128,9
128,50
128,72
128,12
128,57
128,63
128,9
128,9
128,50
128,7
128,14
128,36
128,7
128,38
128,7
128,12
128,54
128,2
128,21
128,0
128,7
128,2
128,39
128,46
128,17
128,7
128,38
128,27
128,56
128,28
128,39
128,7
128,2
128,51
128,53
128,0
128,44
128,14
128,12
128,54
128,7
128,26
128,14
128,0
128,1
128,27
128,17
128,18
128,20
128,9
128,63
128,45
128,20
128,10
128,12
128,7
128,7
128,14
128,34
128,57
128,63
128,2
128,3
128,7
128,9
128,13
128,7
128,2
128,10
128,12
128,23
128,7
128,12
128,54
128,36
128,7
128,9
128,13
128,108
128,31
128,66
128,35
128,7
128,9
128,12
128,54
128,8
128,43
128,7
128,56
128,21
128,17
128,85
128,12
128,18
128,20
128,2
128,21
128,23
128,36
128,56
128,23
129,128
129,19
129,7
129,3
129,56
129,7
129,3
129,39
129,41
129,17
129,7
129,2
129,23
129,7
129,39
129,12
129,54
129,105
129,3
129,21
129,12
129,3
129,27
129,47
129,53
129,41
129,7
129,13
129,36
129,7
129,59
129,11
129,12
129,21
129,12
129,36
129,43
129,11
129,3
129,4
129,14
129,7
129,7
129,67
129,51
129,68
129,67
129,12
129,54
129,17
129,2
129,56
129,21
129,31
129,35
129,7
129,21
129,19
129,65
129,70
129,12
129,12
129,54
129,23
129,7
129,7
129,1
129,85
129,29
129,53
129,0
129,7
129,3
129,30
129,7
129,3
129,30
129,20
129,2
129,3
129,21
129,7
129,26
129,9
129,16
129,43
129,11
129,14
129,9
129,50
129,73
129,12
129,12
129,54
129,46
129,7
129,2
129,22
129,7
129,8
129,44
129,12
129,54
129,2
129,35
129,56
129,39
129,29
129,53
129,7
129,31
129,54
129,2
129,3
129,4
129,12
129,7
129,14
129,38
129,56
129,64
129,39
129,10
129,12
129,17
129,59
129,12
129,51
129,7
129,21
129,64
129,9
129,48
129,12
129,54
129,2
129,12
129,3
129,16
129,36
129,7
129,14
129,17
129,12
129,17
129,9
129,12
129,14
129,15
129,17
129,12
129,3
129,4
129,14
129,12
129,0
129,31
129,66
129,7
129,56
129,39
129,57
129,50
129,61
129,7
129,3
129,63
129,46
129,17
129,65
129,12
129,36
129,7
129,56
129,39
129,78
129,36
129,7
129,38
129,72
129,12
129,46
129,79
129,7
129,38
129,27
129,12
129,54
129,48
129,7
129,4
129,12
129,54
129,51
129,23
129,56
129,39
129,9
129,13
129,12
129,54
129,38
129,16
129,39
129,7
129,57
129,7
129,34
129,24
129,15
129,9
129,1
129,11
129,42
129,12
129,73
129,12
129,36
129,7
129,17
129,12
129,14
129,12
129,21
129,12
129,7
129,42
129,44
129,23
129,7
129,0
129,2
129,20
129,9
129,31
129,23
129,7
129,9
129,56
129,67
129,7
129,3
129,27
129,37
129,16
129,67
129,14
129,7
129,20
129,9
129,67
129,36
129,7
129,38
129,40
129,7
129,55
129,30
129,46
129,7
129,14
129,48
129,12
129,54
129,7
129,2
129,3
129,4
129,12
129,7
129,16
129,10
129,12
129,15
129,12
129,2
129,14
129,12
129,54
129,23
129,7
129,71
129,21
129,7
129,20
129,2
129,21
129,46
129,17
129,15
129,7
129,2
129,51
129,7
129,64
129,19
129,7
129,2
129,56
129,14
129,46
129,3
129,27
129,4
129,67
129,14
129,47
129,7
129,3
129,27
129,56
129,46
129,17
129,18
129,38
129,39
129,29
129,27
129,6
129,29
129,47
129,36
129,7
129,2
129,3
129,56
129,108
129,7
129,46
129,7
129,12
129,20
129,2
129,20
129,22
129,7
129,13
129,16
129,9
129,50
129,35
129,56
129,39
129,51
129,3
129,57
129,63
129,18
129,20
129,9
129,21
129,15
129,23
129,7
129,56
129,14
129,17
129,7
129,3
129,8
129,43
129,7
129,50
129,12
129,54
129,100
129,4
129,31
129,49
129,14
129,12
129,52
129,57
129,7
129,20
129,50
129,35
129,72
129,12
129,46
129,7
129,72
129,12
129,7
129,39
129,9
129,2
129,48
129,3
129,4
129,12
129,52
129,43
129,66
129,56
129,6
129,39
129,17
129,18
129,8
129,15
129,45
129,7
129,7
129,10
129,31
129,12
129,7
129,2
129,3
129,30
129,73
129,12
129,27
129,16
129,40
129,41
129,9
129,15
129,7
129,17
129,7
129,8
129,0
129,1
129,3
129,43
129,14
129,51
129,23
129,56
129,39
129,10
129,12
129,38
129,58
129,48
129,10
129,12
129,7
129,18
129,55
129,2
129,57
129,50
129,46
129,7
129,38
129,56
129,16
129,9
129,50
129,35
129,0
129,36
129,7
129,1
129,57
129,12
129,54
129,2
129,14
129,12
129,6
129,8
129,21
129,42
129,17
129,61
129,73
129,31
129,12
129,46
129,16
129,7
129,2
129,23
129,7
129,17
129,12
129,23
129,10
129,12
129,23
129,9
129,13
129,21
129,17
129,31
129,12
129,9
129,15
129,46
129,23
130,129
130,36
130,38
130,35
130,7
130,9
130,12
130,54
130,23
130,43
130,44
130,36
130,2
130,25
130,4
130,16
130,14
130,12
130,17
130,7
130,18
130,8
130,12
130,54
130,7
130,0
130,7
130,21
130,46
130,23
130,36
130,2
130,42
130,72
130,12
130,2
130,4
130,12
130,61
130,16
130,14
130,12
130,7
130,2
130,20
130,48
130,4
130,67
130,12
130,52
130,9
130,31
130,42
130,7
130,64
130,12
130,54
130,48
130,7
130,12
130,54
130,7
130,14
130,7
130,2
130,7
130,44
130,10
130,12
130,12
130,54
130,9
130,2
130,46
130,61
130,2
130,4
130,64
130,14
130,59
130,12
130,54
130,36
130,40
130,20
130,2
130,23
131,130
131,12
131,52
131,36
131,38
131,9
131,0
131,7
131,2
131,22
131,33
131,45
131,10
131,12
131,20
131,3
131,25
131,0
131,27
131,22
131,9
131,31
131,57
131,51
131,7
131,39
131,0
131,65
131,31
131,66
131,12
131,7
131,58
131,109
131,39
131,53
131,7
131,12
131,54
131,21
131,4
131,12
131,38
131,35
131,51
131,17
131,7
131,9
131,13
131,7
131,12
131,54
131,12
131,54
131,23
131,66
131,57
131,7
131,7
131,3
131,27
131,14
131,51
131,0
131,19
131,53
131,72
131,12
131,18
131,14
131,0
131,22
131,33
131,0
131,5
131,1
131,57
131,7
131,7
131,64
131,7
131,21
131,31
131,12
131,52
131,36
131,38
131,28
131,20
131,72
131,12
131,17
131,4
131,12
131,1
131,2
131,70
131,7
131,72
131,31
131,12
131,38
131,39
131,41
131,17
131,7
131,24
131,67
131,7
131,71
131,78
131,7
131,7
131,38
131,7
131,26
131,2
131,2
131,0
131,17
131,1
131,25
131,7
131,39
131,41
131,7
131,36
131,7
131,56
131,39
131,78
131,48
131,12
131,52
131,7
131,2
131,3
131,4
131,12
131,7
131,18
131,9
131,48
131,16
131,14
132,131
132,0
132,7
132,27
132,56
132,60
132,2
132,3
132,21
132,9
132,48
132,12
132,54
132,73
132,59
132,12
132,61
132,26
132,55
132,20
132,3
132,26
132,4
132,31
132,66
132,12
132,7
132,53
132,63
132,61
132,45
132,9
132,0
132,29
132,57
132,36
132,38
132,39
132,0
132,1
132,2
132,3
132,21
132,51
132,44
132,63
132,7
133,132
133,4
133,0
133,16
133,14
133,17
133,7
133,25
133,12
133,51
133,83
133,36
133,7
133,18
133,38
133,73
133,12
133,2
133,21
133,29
133,53
133,18
133,7
133,12
133,54
133,23
133,57
133,51
133,66
133,7
133,76
133,32
133,2
133,15
133,7
133,4
133,14
133,12
133,7
133,16
133,12
133,54
133,12
133,52
133,5
133,14
133,7
133,48
133,4
133,14
133,12
133,12
133,54
133,7
133,50
133,35
133,18
133,20
133,51
133,23
133,26
133,58
133,39
133,0
133,20
133,1
133,3
133,27
133,25
133,46
133,19
133,67
133,31
133,12
133,54
133,7
133,2
133,3
133,56
133,48
133,9
133,14
133,33
133,2
133,3
133,4
133,31
133,66
133,3
133,4
133,14
133,12
133,84
133,21
133,12
133,23
133,45
133,57
133,33
133,43
133,12
133,9
133,14
133,34
133,12
133,7
133,9
133,67
133,35
133,9
133,43
133,53
133,14
133,35
133,46
133,7
133,38
133,7
133,16
133,14
133,7
133,12
133,54
133,36
133,12
133,52
133,14
133,36
133,38
133,40
133,52
133,18
133,12
133,54
133,9
133,1
133,30
133,20
133,2
133,3
133,4
133,34
133,35
133,44
133,15
133,9
133,2
133,7
133,20
133,31
133,23
133,36
133,7
133,46
133,50
133,35
133,51
133,7
133,63
133,67
133,14
133,34
133,15
133,84
133,18
133,7
133,3
133,56
133,1
133,73
133,20
133,4
133,12
133,14
133,29
133,53
133,3
133,44
133,0
133,2
133,10
133,12
133,56
133,4
133,14
133,12
133,73
133,12
133,12
133,52
133,46
133,29
133,51
133,3
133,4
133,14
133,35
133,27
133,42
133,26
133,55
133,20
133,2
133,3
133,85
133,16
133,30
133,7
133,26
133,2
133,3
133,22
133,7
133,2
133,3
133,30
133,51
133,7
133,40
133,12
133,52
133,27
133,58
133,68
133,39
133,29
133,7
133,20
133,66
133,12
133,54
133,1
133,25
133,31
133,35
133,36
133,11
133,52
133,7
133,48
133,12
133,54
133,12
133,54
133,18
133,25
133,51
133,3
133,48
133,10
133,12
133,7
133,38
133,71
133,51
133,19
133,7
133,53
133,14
133,61
133,51
133,39
133,53
133,63
133,36
133,54
133,46
133,20
133,79
133,36
133,7
133,2
133,21
133,12
133,52
133,9
133,14
133,106
133,9
133,2
133,7
133,8
133,11
133,36
133,20
133,21
133,7
133,31
133,12
133,52
133,7
133,2
133,56
133,36
133,27
133,4
133,43
133,11
133,73
133,12
133,53
133,0
133,1
133,2
133,3
133,4
133,7
133,2
133,56
133,7
133,39
133,78
133,48
133,12
133,54
133,9
133,50
133,35
133,17
133,8
133,12
133,31
133,12
133,54
133,65
133,70
133,12
133,7
133,32
133,18
133,9
133,13
133,11
133,35
133,9
133,24
133,13
133,19
133,3
133,4
133,14
133,7
133,63
133,23
133,7
133,56
133,7
133,43
133,36
133,7
133,38
133,9
133,67
133,50
133,35
133,51
133,46
133,36
133,17
133,12
133,65
133,8
133,1
133,0
133,22
133,14
133,107
133,64
133,22
133,9
133,76
133,9
133,50
133,2
133,4
133,42
133,40
133,46
133,7
133,14
133,16
133,39
133,78
133,41
133,7
133,38
133,67
133,9
133,50
133,35
133,103
133,12
133,54
133,73
133,12
133,49
133,12
133,12
133,54
133,72
133,12
133,29
133,16
133,39
133,41
133,10
133,12
133,12
133,54
133,48
133,7
133,3
133,7
133,2
133,3
133,15
133,12
133,46
133,20
133,12
133,54
133,46
133,94
133,12
133,54
133,9
133,36
133,7
133,38
133,39
133,12
133,54
133,46
133,9
133,42
133,12
133,52
133,36
133,43
133,11
133,49
133,15
133,12
133,20
133,54
133,7
133,24
133,56
133,2
133,57
133,17
133,3
133,36
133,39
133,41
133,0
133,2
133,3
133,67
133,7
133,57
133,63
133,7
133,71
133,11
133,32
133,21
133,7
133,31
133,12
133,54
133,9
133,14
133,34
133,35
133,0
133,1
133,2
133,3
133,0
133,7
133,1
133,2
133,67
133,0
133,38
133,58
133,29
133,14
133,23
133,36
133,7
133,20
133,46
133,18
133,9
133,23
133,7
133,23
133,56
133,7
133,31
133,66
133,48
133,10
133,12
133,7
133,2
133,3
133,56
133,17
133,99
133,7
133,62
133,2
133,3
133,30
133,19
133,20
133,15
133,50
133,51
133,63
133,34
133,8
133,9
133,61
133,36
133,38
133,43
133,39
133,14
133,51
133,88
133,49
133,12
133,17
133,20
133,24
133,23
133,57
133,48
133,12
133,54
133,7
133,25
133,7
133,3
133,16
133,14
133,19
133,7
133,18
133,12
133,54
133,57
133,63
133,110
133,29
133,53
133,0
133,1
133,2
133,3
133,4
133,7
133,50
133,51
133,7
133,39
133,78
133,41
133,70
133,31
133,12
133,50
133,121
133,36
133,7
133,38
133,27
133,56
133,64
133,39
133,23
133,20
133,7
133,38
133,39
133,7
133,47
133,20
133,12
133,54
133,7
133,18
133,14
133,0
133,2
133,56
133,21
133,42
133,33
133,57
133,63
133,7
133,26
133,2
133,36
133,7
133,108
133,38
133,71
133,39
133,29
133,41
133,0
133,2
133,26
133,4
133,12
133,54
133,51
133,7
133,39
133,7
133,31
133,57
133,63
133,16
133,14
133,12
133,55
133,14
133,12
133,4
133,14
133,39
133,7
133,2
133,53
133,36
133,7
133,2
133,7
133,39
133,9
133,46
133,17
133,51
133,66
133,0
133,2
133,16
133,22
133,12
133,39
133,53
133,78
133,21
133,15
133,2
133,24
133,17
133,12
133,9
133,50
133,35
133,46
133,7
133,29
133,15
133,51
133,0
133,7
133,53
133,36
133,20
133,3
133,43
133,22
133,67
133,14
133,9
133,3
133,77
133,8
133,38
133,71
133,72
133,11
133,117
133,36
133,64
133,40
133,7
133,10
133,31
133,67
133,12
133,7
133,2
133,12
133,54
133,23
133,7
133,12
133,54
133,47
133,41
133,21
133,11
133,9
133,50
133,35
133,0
133,2
133,21
133,67
133,46
133,7
133,2
133,3
133,21
133,7
133,2
133,3
133,46
133,3
133,46
133,20
133,3
133,4
133,9
133,50
133,7
133,2
133,36
133,7
133,38
133,3
133,47
133,12
133,54
133,0
133,17
133,36
133,1
133,39
133,51
133,23
133,7
133,39
133,29
133,53
133,46
133,7
133,56
133,72
133,12
133,19
133,20
133,36
133,56
133,21
133,39
133,7
133,44
133,72
133,12
133,77
133,51
133,39
133,63
133,7
133,63
133,17
133,31
133,7
133,63
133,65
133,70
133,12
133,7
133,24
133,43
133,57
133,53
133,63
133,42
133,57
133,73
133,12
133,7
133,109
133,46
133,7
133,16
133,14
133,12
133,12
133,54
133,12
133,54
133,7
133,27
133,30
133,47
133,75
133,12
133,0
133,7
133,2
133,72
133,12
133,7
133,2
133,56
133,39
133,0
133,1
133,2
133,4
133,19
133,7
133,75
133,12
133,12
133,54
133,38
133,28
133,22
133,18
133,11
133,0
133,7
133,20
133,1
133,2
133,9
133,43
133,42
133,26
133,20
133,4
133,14
133,12
133,73
133,12
133,7
133,86
133,2
133,56
133,23
133,123
133,4
133,14
133,12
133,7
133,2
133,3
133,12
133,54
133,26
133,2
133,4
133,12
133,17
133,3
133,42
133,84
133,21
133,12
133,17
133,8
133,25
133,15
133,9
133,19
133,38
133,7
133,24
133,43
133,48
133,12
133,52
133,71
133,53
133,33
133,23
133,29
133,53
133,7
133,9
133,56
133,13
133,9
133,19
133,25
133,3
133,42
133,15
133,23
133,7
133,20
133,2
133,51
134,133
134,53
134,27
134,12
134,54
134,12
134,54
134,2
134,17
134,18
134,0
134,7
134,1
134,21
134,30
134,20
134,31
134,66
134,36
134,7
134,1
134,2
134,17
134,18
134,9
134,31
134,35
134,63
134,12
134,54
134,51
134,64
134,39
134,41
134,57
134,54
134,72
134,12
134,10
134,12
134,10
134,12
134,20
134,61
134,41
134,12
134,54
134,0
134,7
134,20
134,2
134,3
134,9
134,50
134,35
134,20
134,50
134,35
134,17
134,7
134,11
134,57
134,9
134,21
134,38
134,41
134,61
134,12
134,54
134,13
134,51
134,2
134,21
134,14
134,31
134,12
134,54
134,48
134,4
134,12
134,54
134,18
134,1
134,3
134,27
134,14
134,12
134,47
134,46
134,21
134,4
134,2
134,4
134,16
134,22
134,12
134,7
134,13
134,21
134,7
134,2
134,3
134,39
134,41
134,121
134,31
134,9
134,9
134,31
134,23
134,57
134,63
134,0
134,1
134,2
134,3
134,56
134,56
134,39
134,10
134,12
134,57
134,48
134,13
134,52
134,7
134,3
134,56
134,47
134,7
134,9
134,7
134,7
134,2
134,12
134,2
134,46
134,5
134,7
134,66
134,49
134,7
134,18
134,8
134,21
134,43
134,8
134,14
134,7
134,14
134,20
134,79
134,29
134,36
134,38
134,14
134,17
134,3
134,12
134,36
134,8
134,2
134,43
134,11
134,7
134,63
134,10
134,11
134,12
134,7
134,1
134,2
134,3
134,68
134,17
134,12
134,51
134,23
134,7
134,39
134,1
134,22
134,7
134,50
134,12
134,54
134,20
134,2
134,27
134,21
134,43
134,42
134,17
134,9
134,3
134,32
134,36
134,38
134,3
134,56
134,39
134,7
134,28
134,22
134,7
134,20
134,12
134,54
134,51
134,4
134,16
134,63
134,12
134,54
134,48
134,12
134,54
134,46
134,46
135,134
135,66
135,38
135,56
135,64
135,39
135,48
135,12
135,54
135,51
136,135
136,20
136,2
136,57
136,36
136,38
136,51
136,7
136,39
136,73
136,12
136,4
136,14
136,12
136,0
136,20
136,12
136,54
136,7
136,103
136,0
136,7
136,1
136,2
136,12
136,54
136,73
136,59
136,12
136,72
136,12
136,39
136,78
136,41
136,11
136,12
136,46
136,38
136,28
136,36
136,7
136,38
136,14
136,46
136,36
136,38
136,2
136,3
136,64
136,24
136,13
136,21
136,15
136,7
136,55
136,3
136,56
136,39
136,14
136,17
136,8
136,1
136,44
136,15
136,4
136,14
136,61
136,20
136,20
136,24
136,36
136,20
136,57
136,12
136,54
136,46
136,18
136,43
136,7
136,18
136,21
136,31
136,12
136,54
136,47
136,7
136,38
136,71
136,2
136,3
136,21
136,25
136,31
136,2
136,20
136,3
136,21
136,10
136,75
136,12
136,9
136,36
136,7
136,38
136,3
136,27
136,37
136,16
136,67
136,14
136,7
136,63
136,9
136,35
136,31
136,66
136,53
136,63
136,2
136,57
136,46
136,7
136,24
136,77
136,7
136,56
136,12
136,54
136,20
136,16
136,14
136,65
136,11
136,42
136,7
136,7
136,57
136,63
136,46
136,17
136,12
136,54
136,36
136,63
136,48
136,4
136,12
136,54
136,104
136,46
136,36
136,7
136,9
136,2
136,7
136,3
136,56
136,47
136,18
136,21
136,26
136,2
136,7
136,21
136,22
136,65
136,69
136,12
136,7
136,23
136,31
136,22
136,32
136,14
136,4
136,14
136,54
136,4
136,14
136,12
136,7
136,25
136,9
136,56
136,57
136,55
136,16
136,67
136,12
136,54
136,31
136,12
136,54
136,14
136,34
136,12
136,31
136,66
136,53
136,39
136,31
136,12
136,52
136,2
136,30
136,61
136,0
136,7
136,1
136,66
136,2
136,56
136,4
136,12
136,46
136,14
136,34
136,46
136,7
136,18
136,9
136,67
136,2
136,12
136,44
136,46
136,51
136,7
136,26
136,2
136,3
136,4
136,25
136,72
136,12
136,57
136,74
136,36
136,5
136,10
136,43
136,11
136,14
136,12
136,12
136,54
136,48
136,1
136,67
136,12
136,54
136,39
136,17
136,7
136,32
136,36
136,7
136,38
136,14
136,36
136,7
136,38
136,3
136,30
136,0
136,7
136,55
136,10
136,12
136,51
136,50
136,72
136,43
136,11
136,49
136,67
136,46
136,23
136,123
136,38
136,27
136,28
136,22
136,67
136,1
136,3
136,27
136,47
136,51
136,29
136,7
136,79
136,12
136,52
136,14
136,7
136,38
136,51
136,39
136,0
136,1
136,14
136,34
136,9
136,13
136,23
136,36
136,56
136,9
136,46
136,51
136,56
136,77
136,43
136,7
136,26
136,27
136,36
136,21
136,12
136,54
136,7
136,39
136,41
136,4
136,14
136,57
136,14
136,0
136,1
136,57
136,7
136,46
136,36
136,71
136,78
136,23
136,7
136,46
136,17
136,17
136,12
136,3
136,15
136,46
136,36
136,19
136,12
136,23
136,36
136,3
136,56
136,101
136,20
136,64
136,17
136,20
136,39
136,2
136,3
136,22
136,7
136,72
136,12
136,7
136,51
137,136
137,12
137,54
137,73
137,12
137,9
137,2
137,14
137,0
137,7
137,72
137,12
137,7
137,2
137,39
137,36
137,38
137,39
137,65
137,70
137,12
137,0
137,2
137,67
137,48
137,92
137,10
137,75
137,12
137,45
137,36
137,7
137,46
137,51
137,53
137,73
137,12
137,7
137,25
137,60
137,4
137,14
137,12
137,7
137,2
137,3
137,4
137,14
137,12
137,67
137,50
137,72
137,12
137,7
137,55
137,3
137,56
137,9
137,13
137,23
137,7
137,5
137,15
137,27
137,14
137,7
137,14
137,12
137,54
137,7
137,2
137,36
137,20
137,10
137,12
137,7
137,23
137,7
137,56
137,53
137,12
137,54
137,48
137,7
137,12
137,54
137,46
137,7
137,58
137,64
137,67
137,9
137,5
137,13
137,31
137,35
137,10
137,12
137,72
137,12
137,17
137,8
137,20
137,0
137,1
137,25
137,46
137,23
137,7
137,15
137,38
137,64
137,28
137,46
137,23
137,1
137,2
137,56
137,65
137,8
137,76
137,42
137,12
137,1
137,2
137,48
137,1
137,17
137,36
137,13
137,29
137,7
137,12
137,54
137,10
137,12
137,2
137,7
137,48
137,2
137,35
137,7
137,21
137,26
137,2
137,3
137,27
137,4
137,16
137,51
137,103
137,51
137,7
137,2
137,3
137,56
137,53
137,16
137,50
137,36
137,7
137,3
137,56
137,77
137,43
137,39
137,8
137,43
137,12
137,54
137,20
137,7
137,9
137,46
137,14
137,34
137,12
137,7
137,11
137,19
137,49
137,12
137,2
137,25
137,67
137,12
137,19
137,49
137,12
137,2
137,21
137,4
137,12
137,12
137,54
137,36
137,7
137,38
137,27
137,28
137,43
137,39
137,101
137,2
137,16
137,28
137,22
137,20
137,46
137,36
137,55
137,38
137,20
137,3
137,27
137,16
137,22
137,39
137,47
137,7
137,3
137,56
137,39
137,7
137,26
137,30
137,7
137,9
137,50
137,35
137,51
137,7
137,39
137,30
137,12
137,54
137,7
137,2
137,3
137,23
137,123
137,18
137,12
137,54
137,27
137,16
137,12
137,47
137,7
137,3
137,56
137,1
137,42
137,48
137,12
137,52
137,7
137,21
137,36
137,1
137,2
137,67
137,15
137,2
137,21
137,7
137,7
137,21
137,11
137,12
137,4
137,14
137,12
137,7
137,27
137,47
137,0
137,7
137,2
137,27
137,22
137,7
137,51
137,64
137,39
137,41
137,15
137,5
137,1
137,63
137,35
137,85
137,4
137,14
137,34
137,23
137,36
137,51
137,83
137,46
137,23
137,7
137,53
137,7
137,26
137,72
137,12
137,46
137,51
137,39
137,41
137,9
137,50
137,73
137,59
137,11
137,7
137,56
137,20
137,17
137,8
137,9
137,31
137,36
137,38
137,58
137,28
137,7
137,26
137,14
137,10
137,12
137,7
137,7
137,2
137,21
137,4
137,63
137,12
137,23
137,36
137,7
137,64
137,23
137,7
137,55
137,56
137,51
137,48
137,12
137,54
137,7
137,38
137,79
137,7
137,47
137,72
137,12
137,18
137,1
137,2
137,3
137,20
137,66
137,0
137,2
137,21
137,22
137,7
137,27
137,22
137,36
137,7
137,38
137,2
137,27
137,28
137,43
137,39
137,57
137,63
137,17
137,12
137,50
137,46
137,63
137,45
137,1
137,3
137,43
137,14
137,34
137,35
137,0
137,1
137,2
137,43
137,45
137,9
137,36
137,9
137,24
137,56
137,39
137,7
137,9
137,31
137,12
137,54
137,72
137,12
137,73
137,7
137,46
137,85
137,51
137,26
137,20
137,2
137,3
137,14
137,0
137,1
137,2
137,3
137,4
137,12
137,54
137,63
137,7
137,41
137,36
137,9
137,2
137,53
137,15
137,2
137,4
137,31
137,12
137,20
138,137
138,2
138,21
138,7
138,11
138,12
138,12
138,54
138,21
138,15
138,10
138,12
138,0
138,20
138,7
138,3
138,17
138,8
138,4
138,10
138,75
138,12
138,54
138,7
138,18
138,2
138,3
138,67
138,57
138,14
139,138
139,12
139,54
139,0
139,1
139,14
139,12
139,54
139,4
139,14
139,12
139,36
139,38
139,9
139,13
139,12
139,52
139,46
139,0
139,1
139,36
139,12
139,0
139,22
139,57
139,35
139,125
139,7
139,2
139,63
139,7
139,77
139,43
139,0
139,46
139,67
139,14
139,12
139,2
139,27
139,4
139,61
139,7
139,3
139,17
139,60
139,21
139,4
139,12
139,21
139,32
139,46
139,68
139,57
139,7
139,71
139,16
139,78
139,3
139,16
139,7
139,7
139,39
139,7
139,56
139,39
139,12
139,54
139,67
139,14
139,12
139,12
139,54
139,7
139,56
139,21
139,0
139,1
139,2
139,30
139,7
139,2
139,56
139,31
139,12
139,52
139,48
139,10
139,12
139,9
139,50
139,34
139,15
139,12
139,54
139,23
139,7
139,66
139,21
139,22
139,7
139,12
139,54
139,7
139,7
139,57
139,7
139,1
139,2
139,7
139,20
139,3
139,63
139,17
139,23
139,25
139,32
139,7
139,26
139,2
139,9
139,3
139,77
139,4
139,43
139,15
139,48
139,12
139,52
139,18
139,15
139,51
140,139
140,64
140,7
140,7
140,53
140,73
140,12
140,0
140,2
140,12
140,101
140,58
140,68
140,72
140,11
140,12
140,7
140,2
140,73
140,31
140,12
140,61
140,14
140,23
140,7
140,2
140,21
140,7
140,26
140,2
140,3
140,7
140,55
140,3
140,61
140,38
140,3
140,31
140,73
140,12
140,29
140,15
140,13
140,36
140,7
140,77
140,1
140,85
140,67
140,29
140,53
140,20
140,39
140,51
140,46
140,57
140,51
140,20
140,65
140,12
140,73
140,12
140,54
140,4
140,31
140,12
140,54
140,12
140,54
140,7
140,20
140,73
140,12
140,73
140,12
140,7
140,3
140,46
140,14
140,7
140,77
140,51
140,55
140,2
140,56
140,7
140,0
140,20
140,2
140,7
140,8
140,8
140,2
140,39
140,41
140,36
140,2
140,12
140,46
140,7
140,14
140,73
140,12
140,48
140,12
140,54
140,7
140,2
140,3
140,0
140,1
140,57
140,21
140,12
140,12
140,54
140,7
140,23
140,101
140,1
140,23
140,7
140,9
140,56
140,73
140,7
140,26
140,20
140,12
140,68
140,57
140,14
140,17
140,15
140,12
140,23
140,20
140,31
140,66
140,12
140,20
140,63
140,17
140,8
140,9
140,7
140,11
140,12
140,54
140,46
140,29
140,53
140,38
140,36
140,7
140,38
140,27
140,39
140,46
140,23
140,46
140,51
140,7
140,56
140,7
140,39
140,10
140,12
140,18
140,43
140,11
140,36
140,7
140,38
140,43
140,39
140,10
140,12
140,103
140,46
140,51
140,68
140,25
140,51
140,23
140,7
140,12
140,63
140,36
140,38
140,53
140,14
140,40
140,38
140,28
140,7
140,2
140,51
140,39
140,7
140,14
140,0
140,17
140,1
140,23
140,12
140,54
140,7
140,50
140,35
140,7
140,56
140,8
140,15
140,7
140,47
140,7
140,53
140,51
140,83
140,9
140,5
140,13
140,0
140,1
140,2
140,3
140,68
140,4
140,20
140,9
140,77
140,0
140,2
140,103
140,57
140,9
140,3
140,4
140,14
140,27
140,37
140,57
140,85
140,23
140,36
140,7
140,38
140,39
140,7
140,56
140,7
140,3
140,31
140,66
140,7
140,26
140,16
140,14
140,34
140,23
140,2
140,4
140,7
140,2
140,29
140,46
140,20
140,57
140,50
140,35
140,7
140,22
140,57
140,4
140,14
140,12
140,7
140,31
140,66
140,46
140,17
140,12
140,12
140,54
140,7
140,14
140,7
140,20
140,2
140,3
140,53
140,57
140,63
140,9
140,2
140,57
140,23
140,7
140,53
140,7
140,56
140,64
140,39
140,44
140,48
140,12
140,54
140,0
140,7
140,2
140,27
140,7
140,2
140,12
140,54
140,36
140,38
140,28
140,39
140,20
140,67
140,14
140,18
140,34
140,0
140,1
140,2
140,21
140,42
140,51
140,39
140,12
140,54
140,71
140,24
140,42
140,12
140,3
140,4
140,10
140,14
140,48
140,12
140,52
140,7
140,56
140,16
140,9
140,50
140,35
140,58
140,40
140,51
140,83
140,48
140,36
140,38
140,65
140,12
140,46
140,71
140,85
140,64
140,29
140,36
140,7
140,9
140,77
140,43
140,46
140,20
140,7
140,9
140,71
140,5
140,11
140,65
140,12
140,17
140,36
140,7
140,11
140,7
140,108
140,25
140,79
140,12
140,54
140,9
140,21
140,12
140,9
140,50
140,35
140,12
140,54
140,58
140,39
140,53
140,41
140,20
140,63
140,18
140,31
140,42
140,38
140,28
140,51
140,83
140,10
140,12
140,23
140,123
140,3
140,12
140,52
141,140
141,9
141,13
141,43
141,0
141,9
141,1
141,2
141,3
141,17
141,3
141,25
141,87
141,39
141,10
141,12
141,10
141,31
141,12
141,1
141,4
141,14
141,7
141,61
141,7
141,36
141,7
141,56
141,39
141,78
141,0
141,1
141,57
141,2
141,3
141,21
141,4
141,32
141,12
141,46
141,7
141,36
141,7
141,38
141,7
141,27
141,14
141,17
141,18
141,8
141,20
141,9
141,46
141,73
141,12
141,7
141,21
141,7
141,3
141,56
141,40
141,9
141,71
141,43
141,11
141,51
142,141
142,46
142,53
142,2
142,4
142,112
142,7
142,56
142,46
142,29
142,7
142,55
142,3
142,14
142,17
142,18
142,7
142,21
142,7
142,2
142,73
142,12
142,19
142,9
142,13
142,18
142,21
142,68
142,35
142,33
142,7
142,9
142,20
142,19
142,24
142,23
142,20
142,36
142,7
142,39
142,78
142,7
142,7
142,2
142,3
142,25
142,51
142,1
142,7
142,26
142,2
142,3
142,4
142,7
142,46
142,14
142,12
142,12
142,54
142,131
142,7
142,62
142,39
142,51
142,20
142,7
142,53
142,14
142,7
142,43
142,14
142,34
142,36
142,23
142,57
142,63
142,12
142,54
142,7
142,0
142,1
142,21
142,17
142,12
142,7
142,67
142,7
142,10
142,75
142,12
142,7
142,53
142,14
142,46
142,25
142,39
142,7
142,5
142,7
142,2
142,7
142,2
142,3
142,36
142,7
142,38
142,2
142,3
142,31
142,52
142,59
142,12
142,46
142,7
142,35
142,51
142,7
142,39
142,53
142,14
142,12
142,36
142,1
142,2
142,21
142,64
142,7
142,2
142,4
142,72
142,12
142,7
142,27
142,14
142,23
142,7
142,53
142,7
142,26
142,2
142,10
142,12
142,7
142,67
142,63
142,3
142,12
142,54
142,20
142,14
142,38
142,39
142,12
142,54
142,72
142,12
142,73
142,12
142,1
142,3
142,27
142,4
142,16
142,47
142,12
142,52
142,7
142,17
142,60
142,21
142,4
142,12
142,17
142,12
142,7
142,3
142,14
142,9
142,13
142,50
142,2
142,51
142,58
142,56
142,6
142,39
142,53
142,38
142,83
142,12
142,54
142,7
142,2
142,21
142,25
142,9
142,132
142,53
142,7
142,12
142,54
142,60
142,4
142,14
142,12
142,7
142,9
142,50
142,36
142,38
142,2
142,3
142,0
142,20
142,2
142,0
142,20
142,2
142,16
142,22
142,12
142,52
142,7
142,16
142,51
142,102
142,53
142,12
142,54
142,17
142,3
142,7
142,8
142,73
142,12
142,9
142,9
142,4
142,43
142,12
142,54
142,36
142,38
142,77
142,43
142,7
142,16
142,7
142,71
142,78
142,51
142,66
142,53
142,7
142,56
142,39
142,30
142,57
142,63
142,17
142,60
142,3
142,4
142,12
142,7
142,53
142,46
142,7
142,65
142,9
142,64
142,39
142,38
142,63
142,48
142,12
142,54
142,20
142,22
142,32
142,42
142,61
142,12
142,52
142,14
142,9
142,66
142,12
142,54
142,0
142,1
142,2
142,3
142,68
142,56
142,39
142,7
142,67
142,77
142,9
142,50
142,7
142,38
142,28
142,7
142,17
142,7
142,7
142,2
142,4
142,12
142,7
142,73
142,12
142,12
142,52
142,36
142,7
142,38
142,20
142,51
142,83
142,12
142,54
142,7
142,46
142,24
142,9
142,2
142,23
142,7
142,63
142,10
142,12
142,26
142,20
142,2
142,3
142,4
142,48
142,35
142,2
142,12
142,54
142,7
142,0
142,17
142,20
142,2
142,4
142,25
142,22
142,7
142,22
142,36
142,7
142,18
142,8
142,17
142,18
142,8
142,9
142,3
142,31
142,2
142,117
142,12
142,54
142,46
142,38
142,43
142,14
142,72
142,12
142,36
142,7
142,39
142,78
142,51
142,39
142,17
142,9
142,50
142,35
142,46
142,7
142,9
142,0
142,1
142,2
142,48
142,4
142,10
142,12
142,17
142,8
142,12
142,7
142,7
142,55
142,56
142,73
142,12
142,12
142,54
142,121
142,20
142,9
142,29
142,0
142,38
142,1
142,2
142,9
142,50
142,8
142,43
142,20
142,2
142,3
142,39
142,19
142,3
142,4
142,12
142,20
142,19
142,7
142,7
142,2
142,7
142,56
142,31
142,12
142,54
142,17
142,21
142,67
142,12
142,9
142,4
142,12
142,54
142,84
142,21
142,12
142,7
142,67
142,40
142,16
142,12
142,54
142,51
142,18
142,8
142,2
142,3
142,51
142,39
142,7
142,25
142,7
142,26
142,16
142,14
142,63
142,43
142,40
142,54
142,36
142,7
142,55
142,43
142,14
142,17
142,57
142,73
142,12
142,72
142,12
142,12
142,54
142,7
142,2
142,7
142,2
142,56
142,39
142,7
142,9
142,45
142,36
142,18
142,38
142,1
142,2
142,3
142,28
142,36
142,20
142,21
142,32
142,42
142,7
142,7
142,55
142,2
142,3
142,56
142,7
142,7
142,8
142,7
142,26
142,3
142,27
142,37
142,17
142,12
142,12
142,54
142,46
142,79
142,20
142,24
142,14
142,34
142,36
142,7
142,38
142,64
142,54
142,50
142,43
142,46
142,18
142,7
142,42
142,12
142,51
142,7
142,2
142,7
142,11
142,73
142,12
142,0
142,7
142,1
142,12
142,54
142,74
142,57
142,23
142,20
142,17
142,46
142,46
142,7
142,56
142,7
142,18
142,2
142,30
142,72
142,12
142,31
142,57
142,0
142,1
142,14
142,7
142,2
142,12
142,52
142,123
142,23
142,5
142,1
142,25
142,31
142,32
142,2
142,3
142,4
142,14
142,15
142,30
142,40
142,7
142,8
142,66
142,29
142,53
142,9
142,50
142,35
142,46
142,2
142,22
142,38
142,21
142,64
142,12
142,46
142,23
142,7
142,38
142,38
142,7
142,2
143,142
143,39
143,20
143,3
143,12
143,54
143,31
143,12
143,54
143,46
143,21
143,11
143,46
143,45
143,72
143,12
143,23
143,5
143,9
143,20
143,50
143,35
143,46
143,51
143,60
143,7
143,38
143,20
143,43
143,41
143,46
143,19
143,23
143,7
143,2
143,9
143,12
143,54
143,73
143,12
143,42
143,2
143,2
143,68
143,57
143,23
143,60
143,20
143,4
143,10
143,12
143,10
143,75
143,12
143,19
143,27
143,50
143,0
143,20
143,1
143,2
143,3
143,21
143,18
143,20
143,56
143,20
143,7
143,18
143,42
143,46
143,51
143,40
143,40
143,17
143,11
143,12
143,17
143,7
143,7
143,63
143,7
143,17
143,7
143,20
143,57
143,7
143,64
143,12
143,52
143,36
143,7
143,2
143,3
143,43
143,20
143,2
143,7
143,38
143,40
143,65
143,7
143,18
143,1
143,46
143,18
143,48
143,7
143,10
143,67
143,12
143,0
143,66
143,7
143,26
143,2
143,3
143,14
143,9
143,14
143,36
143,7
143,3
143,67
143,9
143,21
143,43
143,15
143,0
143,3
143,27
143,4
143,72
143,12
143,36
143,7
143,9
143,7
143,109
143,36
143,7
143,12
143,52
144,143
144,35
144,12
144,54
144,19
144,7
144,56
144,55
144,20
144,4
144,12
144,54
144,39
144,41
144,60
144,4
144,14
144,12
144,55
144,20
144,7
144,63
144,65
144,12
144,9
144,50
144,35
144,143
144,66
144,21
144,7
144,63
144,78
144,7
144,57
144,18
144,36
144,38
144,28
144,22
144,39
144,46
144,7
144,30
144,17
144,23
144,36
144,7
144,8
144,18
144,3
144,14
144,12
144,10
144,12
144,36
144,21
144,15
144,12
144,19
144,12
144,46
144,27
144,16
144,47
144,58
144,16
144,109
144,39
144,7
144,2
144,21
144,11
144,40
144,15
144,12
144,51
144,29
144,53
144,9
144,50
144,12
144,54
144,7
144,7
144,26
144,30
144,84
144,48
144,7
144,62
144,4
144,12
144,54
144,0
144,14
144,34
144,51
144,83
144,121
144,18
144,21
144,15
144,46
144,23
144,36
144,22
144,46
144,15
144,17
144,21
144,12
144,7
144,26
144,3
144,48
144,12
144,52
144,0
144,3
144,4
144,14
144,46
144,2
144,2
144,7
144,2
144,30
144,23
144,1
144,9
144,16
144,58
144,39
144,41
144,21
144,12
144,72
144,12
144,7
144,20
144,2
144,46
144,64
144,46
144,20
144,12
144,54
144,7
144,41
144,46
144,39
144,118
144,66
144,65
144,69
144,12
144,0
144,38
144,25
144,51
144,23
144,127
144,46
144,67
144,0
144,2
144,36
144,7
144,38
144,70
144,12
144,7
144,7
144,7
144,38
144,48
144,3
144,4
144,40
144,3
144,77
144,53
144,63
144,7
144,18
144,9
144,15
144,75
144,12
144,19
144,20
144,9
144,67
144,50
144,7
144,9
144,13
144,15
144,60
144,21
144,4
144,12
144,7
144,46
144,36
144,38
144,48
144,4
144,12
144,52
144,84
144,7
144,20
144,66
144,12
144,54
144,18
144,9
144,42
144,7
144,39
144,45
144,15
144,7
144,3
144,21
145,144
145,39
145,41
145,12
145,54
145,20
145,66
145,0
145,1
145,96
145,65
145,12
145,39
145,78
145,7
145,20
145,21
145,72
145,12
145,7
145,39
145,20
145,7
146,145
146,14
146,34
146,15
146,12
146,3
146,4
146,14
146,63
146,15
146,30
146,12
146,12
146,54
146,9
146,21
146,39
146,41
146,10
146,12
146,19
146,17
146,35
146,33
146,48
146,54
146,17
146,15
146,17
146,12
146,51
146,83
146,7
146,20
146,77
146,7
146,54
146,0
146,7
146,2
146,38
146,20
146,2
146,3
146,22
146,7
146,31
146,66
146,0
146,20
146,3
146,31
146,66
146,37
146,79
146,15
146,72
146,12
146,51
146,83
146,60
146,4
146,12
146,54
146,144
146,39
146,41
146,12
146,4
146,67
146,40
146,12
146,54
146,7
146,14
146,12
146,7
146,2
146,14
146,34
146,46
146,23
146,7
146,18
146,29
146,8
146,11
146,15
146,9
146,50
146,35
146,41
146,14
146,34
146,9
146,50
146,12
146,54
146,7
146,2
146,3
146,12
146,52
146,0
146,20
146,1
146,2
146,3
146,4
146,19
146,50
146,46
146,46
146,3
146,61
146,17
146,26
146,20
146,2
146,4
146,25
146,12
146,18
146,65
146,73
146,70
146,60
146,4
146,72
146,12
146,12
146,54
146,21
146,18
146,9
146,21
146,43
146,11
146,51
146,7
146,39
146,3
146,4
146,14
146,7
146,40
146,26
146,2
146,4
146,16
146,22
146,7
146,57
146,63
146,7
146,21
146,43
146,11
146,32
146,15
146,12
146,51
146,83
146,37
146,39
146,51
146,23
146,36
146,7
146,43
146,31
146,66
146,12
146,54
146,36
146,7
146,38
146,27
146,28
146,39
146,46
146,23
146,7
146,50
146,4
146,12
146,21
146,35
146,51
146,0
146,46
146,15
146,50
146,0
146,14
146,20
146,12
146,54
146,10
146,12
146,17
146,7
146,53
146,14
146,12
146,7
146,42
146,2
146,15
146,12
146,12
146,46
146,7
146,67
146,14
146,18
146,67
146,7
146,27
146,4
146,14
146,12
146,39
146,9
146,71
146,13
146,108
146,43
146,7
146,15
146,7
146,72
146,12
146,4
146,14
146,12
146,8
146,9
146,24
146,48
146,12
146,52
146,7
146,53
146,14
146,30
146,46
146,36
146,7
146,65
146,12
146,17
146,20
146,2
146,43
146,22
146,11
146,7
146,2
146,10
146,12
146,7
146,48
146,10
146,31
146,12
146,108
146,79
146,39
146,29
146,0
146,20
146,2
146,16
146,36
146,28
146,20
146,2
146,46
146,68
146,7
146,13
146,108
146,79
146,14
146,17
146,3
146,57
146,57
146,57
146,63
146,70
146,12
146,9
146,11
146,100
146,39
146,2
146,64
146,72
146,12
146,2
146,12
146,7
146,61
146,20
146,3
146,57
146,14
146,10
146,12
146,12
146,54
146,21
146,46
146,51
146,7
146,38
146,7
146,56
146,39
146,36
146,38
146,20
146,6
146,79
146,22
146,73
146,59
146,31
146,12
146,2
146,22
146,14
146,23
146,7
146,57
146,7
146,16
146,39
146,67
146,38
146,43
146,39
146,7
146,15
146,50
146,39
146,20
146,12
146,54
146,46
146,23
146,15
146,14
146,34
146,7
146,4
146,14
146,34
146,0
146,25
146,17
146,18
146,43
146,44
146,67
146,9
146,11
146,2
146,3
146,68
146,4
146,16
146,22
146,12
146,7
146,39
146,66
146,18
146,21
146,25
146,42
146,36
146,38
146,2
146,21
146,38
146,56
146,39
146,19
146,4
146,121
146,4
146,12
146,54
146,46
146,65
146,12
146,8
146,43
146,11
146,14
146,34
146,15
146,30
146,36
146,7
146,67
146,1
146,3
146,27
146,56
146,16
146,67
146,47
146,23
146,20
146,4
146,57
146,63
146,20
146,19
146,20
146,9
146,56
146,16
146,67
146,7
146,31
146,12
146,54
146,9
146,1
146,3
146,13
146,43
146,14
146,7
146,26
146,14
146,30
146,20
146,9
146,2
146,25
146,36
146,7
146,0
146,26
146,2
146,3
146,56
146,4
146,63
146,30
146,7
146,71
146,29
146,20
146,9
146,50
146,38
146,28
146,7
146,18
146,21
146,46
146,38
146,40
146,7
146,2
146,56
146,45
146,36
146,7
146,14
146,7
146,10
146,43
146,11
146,12
146,12
146,54
146,7
146,72
146,15
146,12
146,1
146,31
146,91
146,41
146,7
146,2
146,3
146,31
146,12
146,54
146,3
146,4
146,16
146,14
146,1
146,2
146,21
146,41
146,85
146,7
146,71
146,3
146,6
146,39
146,53
146,78
146,9
146,13
146,108
146,43
146,5
146,44
146,15
146,12
146,54
146,7
146,26
146,3
146,7
146,61
146,17
146,12
146,9
146,7
146,2
146,12
146,54
146,12
146,54
146,31
146,12
146,54
146,12
146,54
146,31
146,12
146,54
146,10
146,12
146,21
146,12
146,46
146,20
146,4
146,67
146,14
146,12
146,37
146,39
146,12
146,52
146,46
146,12
146,54
146,7
146,2
146,3
146,36
146,7
146,56
146,39
146,53
146,0
146,36
146,16
146,14
146,20
146,63
147,146
147,7
147,20
147,7
147,39
147,72
147,12
147,46
147,23
147,7
147,56
147,29
147,46
147,4
147,14
147,63
147,7
147,39
147,51
147,102
147,7
147,0
147,1
147,7
147,43
147,11
147,17
147,7
147,24
147,51
147,51
147,7
147,56
147,39
147,7
147,27
147,41
147,12
147,54
147,72
147,12
147,7
147,2
147,3
147,7
147,26
147,55
147,56
147,23
147,7
147,7
147,38
147,71
147,6
147,39
147,51
147,12
147,54
147,3
147,14
147,12
147,54
147,46
147,23
147,24
147,4
147,14
147,63
147,72
147,12
147,39
147,41
147,7
147,2
147,3
147,10
147,12
147,36
147,11
147,17
147,12
147,20
147,14
147,71
147,64
147,78
147,14
147,12
147,3
147,4
147,14
147,12
147,17
147,59
147,11
147,12
147,38
147,64
147,7
147,56
147,39
147,3
147,21
147,12
147,7
147,12
147,54
147,31
147,12
147,54
147,24
147,7
147,18
147,0
147,7
147,55
147,2
147,16
147,14
147,10
147,12
147,53
147,14
147,7
147,21
147,73
147,7
147,26
147,12
147,51
147,23
148,147
148,72
148,12
148,2
148,12
148,12
148,52
148,13
148,11
148,49
148,9
148,50
148,46
148,46
148,9
148,22
148,50
148,7
148,16
148,14
148,8
148,43
148,22
148,36
148,38
148,28
148,0
148,2
148,3
148,15
148,12
148,20
148,12
148,54
148,36
148,11
148,9
148,50
148,18
148,25
148,15
148,12
148,54
148,12
148,54
148,50
148,17
148,7
148,46
148,36
148,38
148,2
148,64
148,16
148,12
148,7
148,77
